treeobsid,location,defecttype
1,bot,cavity
1,mid,cavity
1,mid,break
2,bot,cavity
3,bot,scar
5,bot,scar
6,bot,conk
6,mid,conk
6,top,conk
7,bot,operational
8,bot,break
9,mid,break
9,bot,scar
10,bot,scar
11,bot,scar
12,top,scar
12,bot,scar
14,bot,scar
15,bot,scar
26,bot,mistletoe
31,bot,scar
33,bot,cav
40,bot,scar
55,bot,scar
56,bot,scar
59,bot,scar
61,bot,cavity
62,bot,cavity
63,bot,canker
70,bot,scar
71,bot,scar
80,top,break
81,bot,cavity
86,bot,scar
89,bot,cav
90,bot,scar
93,bot,scar
99,top,break
100,mid,scar
100,bot,scar
102,bot,scar
103,bot,"large dead sprout"
107,mid,"healed scar"
107,bot,"healed scar"
116,mid,scar
118,bottom,scar
119,bot,scar
120,bottom,scar
123,bot,scar
127,top,"dead top"
127,mid,"dead top"
139,bot,scar
142,bot,"large dead sprout"
145,mid,scar
145,bot,scar
152,bot,break
152,bot,scar
155,bot,"on dead stump"
158,bot,"on dead stump"
200,bot,"on dead stump"
210,top,scar
210,mid,scar
210,bot,scar
212,mid,break
212,bot,necrosis
213,top,break
213,bot,necrosis
215,bot,down
216,bot,break
222,bot,scar
225,bot,scar
234,bot,scar
236,bot,scar
239,bot,cavity
240,top,cavity
240,bot,cavity
249,top,scar
249,mid,scar
249,bot,cavity
251,bot,cav
253,bot,operational
263,mid,break
272,bot,"large dead sprout"
276,top,"sparse foliage"
276,mid,"sparse foliage"
276,bot,cavity
277,top,"sparse foliage"
277,mid,"sparse foliage"
278,bot,conk
279,bot,cavity
286,top,"suppressed leader"
287,bot,scar
291,bot,cavity
301,bot,cavity
302,mid,break
302,bot,scar
303,bot,cavity
306,bot,cavity
309,top,break
315,mid,deadtop
316,bot,break
317,bot,scar
323,bot,scar
325,bot,"large dead sprout"
327,bot,cavity
329,bot,cavity
336,bot,scar
337,bot,scar
103,bot,scar
290,bot,cavity
292,bot,cavity
340,bot,cavity
341,bot,skid
342,top,deadtop
342,mid,deadtop
342,bot,scar
343,bot,cavity
348,top,break
348,mid,break
353,bot,conk
355,bot,operational
363,bot,scar
374,bot,scar
389,bot,"bear damage"
389,mid,"bear damage"
389,top,"bear damage"
389,top,deadtop
389,mid,deadtop
397,bot,scar
415,bot,cavity
415,bot,"large dead sprout"
416,bot,cavity
416,bot,scar
423,bot,scar
423,bot,conk
432,bot,"large dead sprout"
435,bot,scar
436,bot,scar
437,bot,scar
439,bot,"large dead sprout"
440,top,deadtop
441,top,deadtop
443,bot,"large dead sprout"
444,mid,scar
444,bot,scar
447,bot,"large dead sprout"
453,bot,scar
460,bot,scar
462,bot,break
464,bot,"large dead sprout"
465,bot,scar
466,mid,break
465,top,break
471,bot,"large dead sprout"
480,bot,canker
486,bot,"large dead sprout"
495,bot,scar
496,top,"broken fork"
498,bot,scar
499,bot,break
502,bot,"turkey tail"
503,bot,"turkey tail"
503,bot,"large dead sprout"
503,top,deadtop
504,top,deadtop
505,bot,scar
506,bot,break
521,top,deadtop
521,mid,deadtop
522,bot,scar
523,bot,scar
525,bot,tear
526,top,break
526,mid,break
526,bot,cavity
529,top,break
529,mid,deadtop
529,bot,scar
530,top,stunted
539,bot,operational
541,bot,cav
545,bot,scar
545,top,break
546,bot,scar
554,bot,scar
555,top,suppressed
555,bot,scar
539,bot,scar
569,bot,operational
570,bot,cavity
574,bot,cavity
576,bot,scar
594,bot,scar
596,bot,scar
604,bot,scar
605,bot,cavity
607,bot,scar
609,bot,"healed scar"
610,bot,"healed scar"
613,bot,scar
616,bot,scar
618,bot,scar
623,bot,scar
624,bot,scar
625,bot,operational
628,bot,operational
630,bot,operational
632,bot,operational
628,top,break
640,top,break
644,mid,fork
664,bot,scar
666,bot,scar
666,mid,scar
672,bot,scar
674,top,fork
680,bot,scar
697,mid,scar
697,bot,scar
703,mid,break
703,bot,scar
712,bot,cavity
722,bot,honeysuckle
722,bot,"pistol butt"
723,bot,scar
734,bot,scar
736,bot,scar
740,bot,scar
747,bot,"pistol butt"
753,mid,scar
753,bot,scar
755,bot,scar
756,top,break
758,top,break
762,bot,scar
766,bot,"pistol butt"
770,mid,break
772,bot,"large dead sprout"
772,bot,scar
776,bot,canker
778,bot,scar
786,bot,scar
786,bot,conk
789,top,break
789,top,scar
789,mid,scar
789,bot,scar
790,bot,scar
793,top,scar
793,mid,scar
793,bot,scar
830,top,break
831,bot,scar
827,bot,"large dead sprout"
831,bot,"large dead sprout"
835,top,break
836,top,break
847,bot,scar
854,mid,break
869,bot,scar
871,bot,"pistol butt"
873,bot,scar
875,top,break
876,bot,scar
877,bot,scar
882,bot,cavity
883,bot,scar
883,mid,scar
884,bot,cavity
896,top,break
897,top,"bear damage"
897,mid,"bear damage"
897,bot,"bear damage"
907,top,break
916,bot,"bear damage"
924,top,scar
924,mid,scar
927,bot,break
928,bot,"large dead sprout"
932,bot,scar
933,bot,scar
934,bot,"large dead sprout"
938,bot,cavity
938,bot,"large dead sprout"
955,mid,cavity
955,bot,operational
960,top,deadtop
960,mid,"turkey tail"
960,mid,"dead top"
961,top,deadtop
975,bot,operational
979,bot,operational
984,mid,operational
1001,top,operational
1001,mid,operational
1001,bot,operational
1002,bot,operational
1021,bot,cavity
1007,mid,scar
1007,bot,scar
1008,mid,scar
1008,bot,scar
1010,mid,scar
1010,bot,scar
1013,bot,operational
1015,bot,operational
1022,bot,scar
1033,mid,break
1040,top,break
1040,mid,cavity
1040,bot,cavity
1046,bot,scar
1055,bot,scar
1062,top,break
1072,bot,fork
1079,top,operational
1086,top,operational
1087,top,fork
1096,top,operational
1098,bot,scar
1099,bot,scar
1102,bot,scar
1105,bot,operational
1108,bot,scar
1114,bot,fork
1115,bot,operational
1117,bot,break
1117,bot,scar
1149,top,scar
1153,bot,operational
1135,bot,operational
1136,bot,cavity
1143,bot,operational
1154,bot,scar
1155,bot,scar
1156,bot,scar
1157,bot,scar
1163,mid,broken
1166,bot,scar
1178,bot,scar
1181,bot,scar
1182,bot,scar
1186,bot,scar
1188,bot,scar
1190,bot,scar
1197,bot,scar
1209,bot,scar
1209,bot,operational
1210,bot,operational
1214,top,break
1214,bot,operational
1215,top,break
1215,bot,operational
1216,top,deadtop
1216,mid,deadtop
1216,bot,break
1217,bot,operational
1218,bot,operational
1219,bot,operational
1220,bot,operational
1227,top,break
1228,bot,break
1230,top,break
1233,bot,operational
1236,bot,operational
1242,mid,scar
1242,bot,scar
1245,bot,scar
1249,bot,operational
1263,mid,operational
1263,bot,operational
1268,bot,cavity
1271,bot,scar
1272,mid,scar
1272,bot,scar
1273,bot,scar
1274,top,break
1274,bot,operational
1275,bot,operational
1285,bot,scar
1287,bot,scar
1296,bot,"large dead sprout"
1308,bot,"large dead sprout"
1309,top,fork
1312,bot,scar
1312,bot,operational
1332,bot,scar
1333,bot,scar
1337,bot,scar
1341,bot,scar
1341,bot,"large dead sprout"
1342,bot,scar
1343,bot,"large dead sprout"
1344,bot,"large dead sprout"
1354,bot,cavity
1358,bot,"large dead sprout"
1359,bot,scar
1368,bot,operational
1376,bot,scar
1369,bot,"large dead sprout"
1370,bot,"large dead sprout"
1379,bot,"large dead sprout"
1381,top,break
1381,bot,scar
1382,bot,scar
1383,bot,scar
1388,top,break
1391,bot,break
1391,bot,scar
1399,top,break
1399,bot,scar
1400,bot,scar
1413,mid,scar
1432,bot,operational
1433,bot,break
1424,bot,operational
1429,bot,conk
1436,mid,scar
1436,bot,scar
1440,bot,scar
1443,bot,scar
1445,bot,scar
1467,bot,"honey suckle"
1478,bot,scar
1485,bot,conk
1490,mid,conk
1490,bot,conk
1501,bot,scar
1537,top,break
1537,bot,operational
1538,bot,scar
1524,bot,scar
1525,bot,operational
1540,bot,operational
1541,bot,operational
1542,bot,cavity
1542,bot,scar
1543,bot,operational
1544,bot,scar
1547,bot,cavity
1552,bot,scar
1559,bot,operational
1561,top,break
1562,top,break
1565,bot,operational
1568,bot,operational
1569,bot,operational
1573,top,break
1573,bot,operational
1574,top,break
1574,bot,"dead wood"
1575,top,break
1575,bot,"dead wood"
1590,bot,cavity
1594,bot,cavity
1595,bot,scar
1596,bot,rot
1596,mid,rot
1620,bot,scar
1622,bot,"healed scar"
1598,bot,operational
1603,top,break
1603,mid,break
1603,bot,conk
1604,mid,cavity
1604,bot,mold?
1606,bot,mold?
1607,bot,mold?
1609,bot,"honey suckle"
1611,mid,scar
1613,bot,cavity
1625,bot,scar
1627,bot,scar
1628,bot,scar
1642,bot,swell
1645,bot,swell
1646,bot,swell
1651,top,break
1651,mid,break
1651,bot,scar
1654,mid,"bear damage"
1654,bot,"bear damage"
1655,bot,scar
1656,bot,scar
1670,bot,"bear damage"
1686,top,break
1686,bot,cavity
1687,top,break
1717,bot,scar
1719,bot,cavity
1727,bot,cavity
1739,top,break
1739,mid,break
1740,bot,scar
1746,top,break
1746,mid,break
1749,top,break
1750,mid,fork
1751,bot,scar
1759,bot,operational
1760,bot,break
1761,bot,operational
1763,bot,cut
1764,bot,scar
1777,mid,cavity
1777,bot,cavity
1799,bot,scar
1803,bot,scar
1804,bot,scar
1820,bot,scar
1821,bot,scar
1822,bot,operational
1823,bot,operational
1823,bot,break
1824,top,break
1825,bot,operational
1836,bot,scar
1837,bot,scar
1838,bot,scar
1840,bot,canker
1843,bot,cavity
1847,bot,scar
1861,bot,scar
1866,top,deadtop
1867,bot,cavity
1875,top,deadtop
1877,bot,scar
1881,bot,scar
1882,top,deadtop
1883,bot,"large dead sprout"
1888,bot,fork
1893,bot,break
1894,bot,break
1895,bot,scar
1900,bot,"large dead sprout"
1893,bot,cavity
1935,top,deadtop
1940,bot,scar
1952,mid,break
1952,mid,"turkey tail"
1952,bot,"turkey tail"
1954,bot,break
1966,bot,scar
1969,bot,scar
1983,mid,cavity
1983,bot,cavity
1984,bot,cavity
1985,mid,cavity
1985,bot,cavity
1986,bot,scar
1987,bot,scar
1998,bot,scar
2006,top,break
2008,top,deadtop
2023,top,break
2024,top,fork
2046,top,break
2055,bot,scar
2057,bot,scar
2058,bot,cavity
2060,top,break
2061,bot,cavity
2062,bot,cavity
2064,bot,cavity
2065,bot,cavity
2070,bot,scar
2072,bot,scar
2073,bot,scar
2075,bot,scar
2077,top,break
2077,bot,scar
2091,bot,scar
2095,bot,scar
2097,bot,scar
2104,bot,scar
2105,bot,scar
2106,bot,scar
2130,bot,cavity
2135,bot,scar
2139,bot,break
2140,bot,scar
2143,bot,cavity
2144,mid,scar
2144,bot,scar
2145,bot,scar
2147,bot,scar
2148,bot,scar
2148,bot,cavity
2150,bot,scar
2152,bot,scar
2156,mid,fork
2156,bot,scar
2160,bot,cavity
2163,mid,fork
2167,bot,operational
2170,bot,operational
2171,top,deadtop
2188,bot,operational
2200,bot,scar
2202,bot,scar
2206,bot,scar
2210,bot,scar
2218,bot,scar
2223,bot,operational
2232,bot,operational
2238,bot,scar
2241,bot,scar
2244,mid,scar
2245,mid,break
2245,bot,cavity
2244,mid,deadtop
2248,bot,operational
2250,bot,scar
2251,bot,scar
2252,bot,scar
2253,mid,break
2253,bot,scar
2254,bot,scar
2255,mid,fork
2258,bot,scar
2272,bot,cavity
2273,bot,scar
2273,bot,cavity
2276,bot,operational
2280,top,deadtop
2281,mid,cavity
2283,bot,scar
2285,top,conk
2285,bot,conk
2287,top,break
2288,bot,scar
2292,bot,cavity
2296,bot,cavity
2298,bot,scar
2302,top,break
2322,bot,cavity
2323,top,break
2346,bot,break
2349,mid,scar
2349,bot,scar
2352,bot,cavity
2354,bot,cavity
2355,top,conk
2355,mid,conk
2355,bot,scar
2355,bot,conk
2356,mid,conk
2356,bot,conk
2360,mid,conk
2360,bot,conk
2361,bot,scar
2365,mid,conk
2365,bot,conk
2367,bot,operational
2368,mid,break
2369,top,break
2370,top,break
2371,top,break
2372,mid,break
2373,mid,break
2374,mid,fork
2375,bot,scar
2377,bot,cavity
2379,bot,fork
2380,bot,operational
2381,bot,conk
2382,bot,break
2385,mid,scar
2385,bot,cavity
2385,bot,scar
2386,mid,break
2387,bot,conk
2387,mid,conk
2391,bot,cavity
2410,mid,fork
2410,bot,scar
2411,bot,scar
2411,bot,cavity
2412,mid,fork
2412,bot,scar
2412,bot,cavity
2414,bot,scar
2415,top,fork
2415,mid,break
2416,top,fork
2416,mid,fork
2417,top,break
2418,top,break
2418,mid,scar
2419,bot,scar
2419,bot,cavity
2424,bot,scar
2428,bot,scar
2429,bot,scar
2431,bot,scar
2434,bot,scar
2435,bot,scar
2436,bot,scar
2437,bot,scar
2438,bot,scar
2439,bot,operational
2443,mid,scar
2455,bot,break
2460,bot,scar
2462,bot,operational
2462,bot,scar
2475,top,break
2481,bot,scar
2487,top,break
2487,top,fork
2489,bot,scar
2490,mid,fork
2493,bot,scar
2493,bot,operational
2496,top,deadtop
2501,bot,operational
2507,mid,scar
2508,mid,scar
2508,bot,scar
2510,bot,scar
2511,bot,scar
2514,bot,fork
2514,bot,cavity
2515,bot,break
2518,bot,scar
2525,bot,scar
2527,bot,fork
2529,bot,scar
2533,mid,scar
2537,bot,scar
2540,top,fork
2547,top,break
2547,bot,operational
2551,mid,fork
2553,bot,cavity
2589,bot,cavity
2616,top,deadtop
2668,bot,scar
2698,bot,scar
2705,bot,cavity
2709,bot,scar
2710,bot,scar
2718,bot,canker
2719,bot,scar
2726,bot,scar
2728,bot,scar
2729,bot,operational
2736,bot,scar
2740,bot,scar
2747,mid,scar
2747,bot,scar
2753,bot,scar
2754,bot,scar
2766,bot,scar
2770,bot,scar
2773,bot,conk
2773,bot,scar
2778,bot,scar
2779,bot,scar
2779,bot,conk
2781,bot,scar
2785,bot,scar
2770,mid,break
2794,bot,scar
2823,bot,scar
2830,bot,scar
2831,bot,scar
2832,bot,cavity
2837,bot,split
2840,bot,scar
2853,bot,scar
2855,top,break
2855,mid,scar
2855,bot,scar
2855,bot,conk
2857,top,"honey suckle"
2857,mid,honeysuckle
2858,bot,scar
2860,bot,scar
2885,bot,cavity
2862,bot,cavity
2864,bot,operational
2872,bot,scar
2875,bot,scar
2879,bot,scar
2892,bot,cavity
2895,mid,operational
2897,bot,scar
2915,bot,scar
2917,bot,scar
2918,bot,scar
2948,bot,operational
2949,bot,operational
2951,bot,operational
2941,bot,operational
2945,bot,scar
2947,bot,scar
2954,bot,operational
2955,mid,break
2958,bot,operational
2966,bot,scar
2972,bot,scar
2973,mid,break
2974,top,break
2974,mid,break
2976,top,break
2979,mid,break
2980,top,deadtop
2980,bot,cavity
2982,top,deadtop
2985,bot,scar
2987,bot,break
2987,bot,scar
2990,top,deadtop
2990,bot,scar
2991,bot,scar
2995,top,deadtop
2996,top,break
3000,mid,break
3001,mid,break
3001,bot,scar
3004,top,fork
3004,bot,scar
3004,bot,cavity
3005,bot,cavity
3007,bot,scar
3008,bot,cavity
3009,top,break
3010,top,break
3011,top,break
3012,mid,break
3013,top,break
3015,bot,fork
3016,bot,conk
3017,mid,break
3017,bot,fork
3019,bot,scar
3021,bot,scar
3026,top,fork
3027,bot,operational
3028,top,break
3029,bot,scar
3030,mid,break
3030,bot,operational
3031,top,break
3031,bot,operational
3032,mid,scar
3032,bot,scar
3035,top,break
3036,bot,operational
3037,bot,operational
3039,mid,operational
3039,bot,operational
3039,bot,scar
3040,bot,scar
3042,bot,operational
3044,mid,scar
3045,bot,scar
3046,mid,scar
3049,bot,operational
3054,bot,scar
3058,bot,conk
3059,mid,conk
3059,bot,conk
3059,bot,operational
3070,mid,cavity
3071,bot,scar
3104,top,deadtop
3104,bot,scar
3106,top,fork
3109,bot,scar
3112,top,fork
3119,mid,fork
3120,mid,break
3124,bot,scar
3129,mid,cavity
3129,bot,operational
3130,mid,scar
3130,bot,scar
3133,bot,scar
3143,bot,scar
3147,bot,operational
3148,bot,operational
3149,bot,operational
3150,bot,scar
3155,mid,scar
3155,bot,scar
3167,bot,scar
3169,bot,scar
3170,bot,scar
3174,bot,scar
3179,bot,scar
3191,bot,cavity
3192,top,break
3193,bot,pitch
3216,bot,cavity
3226,bot,scar
3228,bot,cavity
3232,bot,operational
3234,mid,"broken branches"
3235,bot,sweep
3248,bot,scar
3249,mid,cavity
3249,bot,scar
3251,bot,scar
3252,bot,scar
3253,top,break
3264,bot,scar
3274,bot,conk
3276,bot,conk
3279,top,deadtop
3280,top,deadtop
3280,bot,operational
3281,mid,conk
3281,bot,scar
3282,bot,scar
3283,bot,scar
3284,bot,conk
3292,bot,operational
3296,bot,operational
3297,bot,scar
3303,bot,operational
3304,bot,operational
3306,bot,operational
3307,bot,operational
3311,bot,operational
3315,bot,operational
3318,top,break
3324,bot,cavity
3325,bot,scar
3330,bot,operational
3334,bot,operational
3338,top,fork
3339,top,sparse
3340,top,"witches broom"
3352,mid,scar
3352,bot,scar
3353,bot,scar
3355,bot,operational
3356,bot,scar
3357,bot,scar
3358,bot,scar
3359,top,break
3359,mid,scar
3359,bot,scar
3364,bot,cavity
3366,bot,scar
3367,bot,scar
3368,mid,scar
3368,bot,scar
3369,bot,operational
3373,top,break
3376,bot,scar
3377,bot,scar
3410,bot,scar
3411,bot,scar
3413,bot,scar
3421,top,"honey suckle"
3423,top,cavity
3433,bot,operational
3436,bot,scar
3438,bot,operational
3440,bot,scar
3442,top,conk
3442,mid,conk
3467,bot,fork
3472,mid,flagging
3473,mid,flagging
3474,mid,flagging
3475,bot,cavity
3476,bot,cavity
3481,top,flagging
3481,bot,scar
3489,mid,break
3490,bot,cavity
3503,bot,operational
3529,bot,break
3530,bot,operational
3538,bot,cavity
3550,bot,operational
3572,bot,scar
3591,bot,scar
3592,bot,scar
3601,mid,scar
3601,bot,scar
3607,bot,scar
3608,bot,scar
3613,bot,scar
3615,bot,scar
3620,bot,scar
3636,bot,scar
3649,bot,scar
3651,bot,"healed scar"
3677,bot,scar
3678,bot,scar
3688,bot,scar
3693,bot,scar
3696,bot,scar
3701,top,break
3702,mid,conk
3702,bot,conk
3703,bot,operational
3704,bot,operational
3709,bot,operational
3710,bot,scar
3713,bot,operational
3714,top,break
3714,mid,operational
3714,bot,operational
3726,bot,operational
3730,top,break
3739,bot,cavity
3748,bot,operational
3758,mid,scar
3758,bot,scar
3760,top,break
3765,mid,conk
3765,bot,conk
3784,bot,scar
3786,top,break
3786,bot,scar
3787,bot,operational
3788,bot,operational
3793,bot,scar
3796,bot,scar
3801,bot,operational
3803,bot,cavity
3805,bot,scar
3813,bot,cavity
3824,mid,scar
3824,bot,scar
3827,bot,"healed scar"
3849,bot,scar
3858,bot,operational
3863,bot,operational
3864,bot,operational
3865,bot,break
3865,bot,fork
3865,top,deadtop
3892,bot,cavity
3894,bot,operational
3896,bot,operational
3898,bot,cavity
3901,bot,operational
3931,bot,operational
3936,bot,break
3936,bot,fork
3963,bot,operational
3964,bot,operational
3969,bot,operational
3979,mid,conk
3979,bot,conk
3999,bot,conk
4013,bot,operational
4014,bot,break
4015,bot,operational
4016,bot,operational
4020,bot,canker
4027,bot,scar
4035,bot,scar
4039,mid,break
4040,bot,break
4046,bot,cavity
4054,bot,scar
