collectid,datasheetid
1,1
2,2
3,3
4,4
5,5
6,6
7,7
8,8
9,9
10,10
11,11
12,12
13,13
14,14
15,15
16,16
17,17
18,18
19,19
20,20
21,21
22,22
23,23
24,24
25,25
26,26
27,27
28,28
29,29
30,30
31,31
32,32
33,33
34,34
35,35
36,36
37,37
38,38
39,39
40,40
41,41
42,42
43,43
44,44
45,45
46,46
47,47
48,48
49,49
50,50
51,51
52,52
53,53
54,54
55,55
56,56
57,57
58,58
59,59
60,60
61,61
62,62
63,63
64,64
65,65
66,66
67,67
68,68
69,69
70,70
71,71
72,72
73,73
74,74
75,75
76,76
77,77
78,78
79,79
80,80
81,81
82,82
83,83
84,84
85,85
86,86
87,87
88,88
89,89
90,90
91,91
92,92
93,93
94,94
95,95
96,96
97,97
98,98
99,99
100,100
101,101
102,102
103,103
104,104
105,105
106,106
107,107
108,108
109,108
110,108
111,108
112,108
113,109
114,109
115,109
116,109
117,109
118,110
119,110
120,110
121,110
122,110
123,111
124,111
125,111
126,111
127,111
128,112
129,112
130,112
131,112
132,112
133,113
134,113
135,113
136,113
137,113
138,113
139,114
140,114
141,114
142,114
143,114
144,115
145,115
146,115
147,115
148,115
149,116
150,116
151,116
152,116
153,116
154,117
155,117
156,117
157,117
158,117
159,118
160,118
161,118
162,119
163,119
164,119
165,119
166,119
167,120
168,120
169,120
170,120
171,120
172,121
173,121
174,121
175,121
176,121
177,122
178,122
179,122
180,122
181,122
182,123
183,123
184,123
185,123
186,123
187,124
188,124
189,124
190,124
191,124
192,125
193,125
194,125
195,125
196,125
197,126
198,126
199,126
200,126
201,126
202,127
203,127
204,127
205,127
206,127
207,128
208,128
209,128
210,128
211,128
212,129
213,130
214,131
215,132
216,133
217,134
218,135
219,136
220,137
221,138
222,139
223,140
224,141
225,142
226,143
227,144
228,145
229,146
230,147
231,148
232,149
233,150
234,151
235,152
236,153
237,154
238,155
239,156
240,157
241,158
242,159
243,160
244,161
245,162
246,163
247,164
248,165
249,166
250,167
251,168
252,169
253,170
254,171
255,172
256,173
257,174
258,175
259,176
260,177
261,178
262,179
284,180
264,181
265,182
266,183
267,184
268,185
269,186
270,187
271,188
272,189
273,190
274,191
275,192
276,193
277,194
278,195
279,196
280,197
281,198
282,199
283,200
284,201
285,202
286,203
287,204
288,205
289,206
290,207
291,208
292,209
293,210
294,211
295,212
296,213
297,214
298,215
299,216
300,217
301,218
302,219
303,220
304,221
305,222
306,223
307,224
308,225
309,226
310,227
311,228
312,229
313,230
314,231
315,232
316,233
317,234
318,235
319,236
320,237
321,238
322,239
323,240
324,241
325,241
326,242
327,243
328,244
329,244
330,245
331,246
332,247
333,247
334,248
335,249
336,250
337,251
338,252
339,253
340,254
341,255
342,256
343,257
334,258
344,259
345,260
346,261
347,262
348,263
349,263
350,263
351,264
352,265
353,266
354,267
355,268
356,269
357,270
358,271
359,272
360,273
361,274
362,275
363,276
364,277
365,278
366,279
367,280
368,281
369,282
370,283
371,284
372,285
373,285
374,285
375,285
376,285
377,286
378,287
379,287
380,287
381,287
382,287
383,288
384,289
385,290
386,291
387,292
388,293
389,294
390,295
391,296
392,297
393,298
394,299
395,299
396,299
397,299
398,300
399,301
400,302
401,303
402,304
403,305
404,305
405,305
406,305
407,305
409,307
410,308
411,309
412,310
413,311
414,312
415,313
416,314
417,315
418,316
419,317
420,318
421,319
422,320
423,321
424,322
425,323
426,324
427,325
428,326
429,327
430,328
431,329
432,330
433,331
434,332
435,333
435,334
436,335
437,336
438,337
439,338
440,339
441,339
442,339
443,339
444,339
445,340
446,340
447,340
448,340
449,340
450,341
451,342
452,343
453,344
454,345
455,346
456,347
457,348
458,349
459,350
460,351
461,352
462,353
463,354
464,355
465,356
466,357
467,358
468,359
469,360
470,361
471,362
472,363
473,364
475,366
476,367
477,367
478,368
479,368
480,368
481,369
482,369
483,369
484,369
484,370
485,370
486,371
487,372
488,373
489,374
490,375
491,376
492,377
493,378
494,379
495,380
496,381
497,382
498,383
499,384
500,385
501,386
502,387
503,388
504,389
505,390
506,391
507,392
508,393
509,394
510,395
511,395
512,395
513,395
514,395
515,396
516,396
517,396
518,396
519,396
520,397
521,398
522,399
523,400
524,401
525,402
526,403
527,404
528,405
529,405
530,406
531,406
532,406
533,407
534,408
535,409
536,409
537,409
538,409
539,410
540,411
541,412
474,413
542,416
543,416
544,416
545,416
546,416
243,417
272,418
