collectid,spp,sizeclass,cbh,ht
108,to,<2.5,0.0,1.6
108,to,<6,3.4,7.3
108,to,<7,3.9,7.4
108,to,<10,7.1,12.4
108,df,<2.5,0.0,2.3
108,df,<5,1.3,5.5
108,gf,<2.5,0.9,4.1
109,df,<2.5,0.5,1.9
109,df,<5,0.4,3.8
109,df,<6,1.3,5.9
109,to,<2.5,0.0,1.9
109,to,<5,0.4,4.5
109,to,<9,0.5,5.9
109,rw,<2.5,0.4,2.7
109,rw,<5,0.0,3.1
109,md,<2.5,0.4,2.7
110,to,<2.5,0.2,2.9
110,to,<5,1.0,3.5
110,rw,<2.5,0.0,1.8
110,rw,<5,0.9,3.9
110,gf,<2.5,1.8,2.7
110,gf,<5,1.4,4.9
110,gf,<6,3.5,4.5
110,gf,<9,1.5,9.7
110,gf,<10,3.3,8.2
110,wm,<2.5,1.3,2.6
110,wm,<9,3.9,6.6
111,to,<2.5,0.4,1.7
111,to,<5,2.5,5.7
111,to,<6,3.2,6.7
111,to,<7,0.0,4.8
111,to,<8,2.3,6.6
111,to,<10,0.0,5.8
111,df,<2.5,0.0,3.2
111,df,<5,0.8,4.6
111,rw,<2.5,1.1,1.7
111,rw,<5,1.4,3.0
111,rw,<6,0.2,5.1
111,wm,<2.5,1.1,1.8
112,to,<2.5,0.3,2.9
112,to,<5,0.0,3.6
112,to,<6,0.0,4.3
112,to,<8,1.0,4.8
112,df,<2.5,0.6,2.5
112,df,<5,1.1,3.9
112,df,<7,1.0,5.5
112,df,<10,2.8,11.3
112,rw,<2.5,0.0,3.4
112,gf,<2.5,0.0,3.1
112,gf,<5,0.8,4.1
112,gf,<6,1.1,6.3
112,gf,<8,0.2,5.5
112,gf,<9,0.5,7.9
108,to,<9,3.0,10.3
113,rw,<2.5,0.8,1.4
113,rw,<5,3.1,6.0
113,rw,<7,3.6,7.5
113,rw,<9,3.6,5.5
113,to,<2.5,1.0,2.5
113,to,<5,0.8,3.2
113,to,<6,1.4,4.3
113,to,<8,0.0,5.9
113,to,<10,1.4,8.6
113,df,<2.5,0.5,1.5
113,df,<5,0.5,4.2
113,gf,<2.5,0.5,2.8
114,to,<2.5,0.3,2.9
114,to,<6,0.2,7.3
114,to,<7,1.4,6.5
114,to,<9,1.0,6.6
114,df,<2.5,0.0,1.8
114,df,<5,0.3,3.4
114,gf,<5,0.0,3.5
114,gf,<9,1.0,8.0
114,sx,<8,6.6,11.0
114,sx,<8,7.4,11.0
114,sx,<9,5.9,10.1
114,sx,<10,5.1,9.7
114,rw,<9,1.0,5.8
115,rw,<2.5,0.6,2.5
115,rw,<5,1.7,4.5
115,rw,<6,1.4,5.0
115,to,<2.5,0.0,1.8
115,to,<5,1.1,3.4
115,to,<6,0.0,6.4
115,to,<7,0.7,5.2
115,to,<8,1.1,4.8
116,to,<2.5,0.0,2.1
116,to,<5,0.0,3.0
116,to,<6,0.0,6.2
116,to,<7,0.9,6.7
116,to,<8,0.4,7.9
116,df,<2.5,0.3,1.7
116,rw,<9,0.6,6.4
117,to,<2.5,0.0,3.2
117,to,<5,0.3,4.7
117,to,<6,1.8,5.2
117,to,<7,1.4,6.0
117,to,<9,1.4,5.6
117,df,<2.5,0.1,2.3
117,df,<5,1.2,4.4
117,df,<7,0.2,6.1
117,rw,<2.5,1.5,3.0
117,rw,<5,0.0,4.0
117,rw,<6,0.5,4.6
117,rw,<7,0.0,4.7
118,to,<2.5,1.0,1.4
118,to,<5,1.6,3.5
118,to,<6,2.6,4.6
118,to,<8,1.3,8.3
118,to,<9,1.9,8.0
118,to,<10,3.6,8.0
118,df,<2.5,0.9,2.4
119,to,<2.5,0.0,1.7
119,to,<6,2.7,10.5
119,to,<7,2.7,9.2
119,to,<9,0.3,8.2
119,rw,<2.5,1.6,2.9
119,rw,<6,2.9,3.6
119,cb,<2.5,0.0,4.3
120,to,<2.5,0.0,1.7
120,to,<5,1.4,2.5
120,to,<8,1.3,6.7
120,to,<9,2.9,6.7
120,rw,<2.5,1.0,1.6
121,to,<2.5,1.0,1.5
121,to,<5,2.1,3.7
121,to,<6,0.3,5.2
121,rw,<2.5,0.0,1.8
121,rw,<5,3.2,4.7
121,rw,<6,3.5,5.3
121,rw,<8,2.3,5.1
121,rw,<10,5.4,7.6
122,df,<2.5,0.0,1.9
122,df,<5,0.5,2.9
122,to,<2.5,0.4,1.7
122,to,<5,0.6,3.9
122,to,<6,2.6,4.9
122,to,<10,2.2,10.4
122,gf,<2.5,0.0,1.4
122,gf,<5,0.3,2.9
122,gf,<7,1.3,6.3
122,rw,<2.5,0.0,1.9
328,gf,<5,3.7,5.3
328,gf,<6,1.6,7.0
328,gf,<9,0.6,8.4
328,to,<2.5,1.3,1.9
328,to,<5,0.4,3.6
328,to,<6,6.1,7.7
328,to,<7,3.5,6.2
328,to,<9,5.6,8.6
328,rw,<2.5,0.0,2.0
328,rw,<5,2.5,3.2
328,rw,<6,1.2,5.5
328,rw,<7,5.0,8.2
328,rw,<8,2.1,6.5
328,rw,<9,8.5,13.0
328,rw,<10,4.0,12.7
328,md,<5,1.5,3.8
328,df,<2.5,0.2,1.5
328,df,<5,3.4,6.8
328,df,<7,0.7,6.9
329,df,<2.5,0.3,1.6
329,df,<5,1.0,4.0
329,df,<6,1.2,7.8
329,df,<7,1.3,7.5
329,to,<2.5,0.0,1.5
329,to,<5,0.5,4.1
329,to,<6,1.0,4.7
329,to,<7,0.9,6.5
329,to,<8,1.3,7.9
329,to,<9,0.0,6.8
329,gf,<2.5,0.0,2.6
329,gf,<5,0.9,3.0
329,gf,<6,1.0,5.0
329,gf,<7,0.5,8.5
329,rw,<2.5,1.8,2.7
329,rw,<5,0.0,3.2
329,rw,<7,2.0,7.1
123,rw,<2.5,0.0,1.4
123,rw,<5,0.1,3.0
123,rw,<6,0.4,3.9
123,to,<2.5,0.0,1.9
123,to,<2.5,0.0,2.2
123,to,<2.5,0.1,2.1
123,to,<5,0.1,3.0
123,to,<5,0.1,2.1
123,to,<6,0.2,4.5
123,to,<2.5,0.1,2.1
123,to,<2.5,0.0,1.4
123,to,<5,0.3,2.9
123,df,<2.5,0.1,2.3
123,df,<2.5,0.4,2.0
123,df,<2.5,0.8,2.5
123,gf,<2.5,0.4,2.0
123,gf,<5,1.0,3.3
124,rw,<2.5,1.0,2.7
124,rw,<5,1.0,2.5
124,to,<2.5,0.5,2.0
124,to,<2.5,0.5,1.5
124,to,<2.5,0.4,3.0
124,to,<5,0.5,5.0
124,to,<5,0.0,2.0
124,to,<5,1.0,4.3
124,to,<7,1.4,7.5
124,to,<8,2.0,9.7
124,df,<2.5,0.5,1.7
124,df,<2.5,0.5,2.4
124,df,<2.5,0.1,1.5
124,df,<2.5,0.2,2.3
124,df,<2.5,0.5,2.4
124,df,<5,0.1,2.5
124,df,<5,0.2,2.1
124,df,<6,1.7,6.0
124,gf,<2.5,0.5,2.3
124,gf,<5,1.3,2.5
125,rw,<2.5,0.1,1.4
125,rw,<5,1.0,3.2
125,rw,<5,0.3,4.2
125,rw,<6,1.0,3.8
125,rw,<6,2.0,4.3
125,rw,<7,1.5,6.5
125,rw,<7,4.5,7.0
125,rw,<9,0.5,6.3
125,rw,<10,9.0,11.5
125,to,<2.5,0.0,1.5
125,to,<2.5,1.0,1.4
125,to,<2.5,0.5,2.2
125,to,<2.5,0.3,1.5
125,to,<5,1.1,3.5
125,to,<5,0.0,2.5
125,to,<5,1.0,3.0
125,to,<6,1.3,4.3
125,to,<6,0.4,5.7
125,to,<7,1.2,5.4
125,to,<7,4.0,8.5
125,to,<9,1.3,6.0
125,to,<10,2.0,10.9
125,df,<2.5,0.2,1.5
125,df,<2.5,0.5,2.0
125,df,<2.5,0.4,1.4
125,df,<2.5,1.0,2.5
125,df,<2.5,0.3,2.3
125,df,<5,1.5,3.5
125,df,<5,0.3,2.3
125,df,<6,2.0,6.6
125,gf,<2.5,1.4,2.3
126,rw,<2.5,0.3,1.5
126,rw,<5,1.4,3.4
126,rw,<6,1.0,3.0
126,rw,<6,3.9,5.4
126,rw,<7,0.9,5.3
126,to,<2.5,0.5,2.2
126,to,<2.5,0.3,1.7
126,to,<2.5,1.0,2.0
126,to,<2.5,0.2,1.4
126,to,<2.5,1.0,2.1
126,to,<5,1.3,3.5
126,to,<5,0.0,2.0
126,to,<5,3.0,4.5
126,to,<6,1.0,0.8
126,to,<6,0.0,2.0
126,to,<7,1.0,7.0
126,to,<7,2.0,8.0
126,to,<7,3.0,6.4
126,to,<8,1.0,9.1
126,to,<8,3.1,9.5
126,to,<10,1.7,7.6
126,df,<2.5,2.3,3.5
126,df,<2.5,1.0,3.1
126,df,<5,1.0,4.0
126,df,<7,1.4,7.6
126,gf,<5,5.0,6.3
127,rw,<2.5,0.1,2.0
127,rw,<5,0.1,2.1
127,rw,<7,0.5,4.3
127,to,<2.5,1.4,2.1
127,to,<2.5,0.7,1.7
127,to,<5,1.0,4.4
127,to,<5,1.4,4.3
127,to,<5,1.0,5.0
127,to,<5,0.9,3.9
127,to,<5,2.0,3.8
127,to,<6,1.4,5.1
127,to,<6,1.9,3.6
127,to,<6,1.0,5.8
127,to,<6,1.3,5.5
127,to,<6,1.4,4.6
127,to,<7,4.0,8.5
127,to,<7,1.2,6.4
127,to,<7,1.9,4.4
127,to,<8,1.8,7.3
127,to,<8,1.0,8.3
127,to,<10,1.9,8.9
127,df,<2.5,0.7,1.9
127,df,<2.5,0.4,2.3
127,df,<2.5,0.2,1.4
127,df,<5,0.5,4.8
127,df,<5,0.2,3.1
127,df,<6,1.9,5.2
127,df,<7,1.0,6.5
127,gf,<5,0.5,3.3
127,gf,<8,0.3,6.3
348,to,<2.5,0.2,1.5
348,to,<5,0.0,4.5
348,to,<7,1.8,7.0
348,to,<8,1.7,8.2
348,df,<2.5,1.7,1.8
348,df,<5,1.8,3.0
348,df,<6,5.4,7.6
348,df,<7,4.2,8.7
348,df,<8,5.3,9.2
348,df,<10,5.8,12.5
348,gf,<2.5,1.4,1.7
348,gf,<5,1.8,3.5
349,to,<2.5,0.3,1.4
349,to,<5,1.1,4.6
349,to,<6,0.7,4.4
349,to,<7,1.4,5.6
349,to,<8,1.2,6.3
349,df,<2.5,0.2,2.3
350,rw,<2.5,0.0,1.9
350,rw,<5,0.0,3.1
350,rw,<6,0.4,4.8
350,to,<2.5,0.3,2.0
350,to,<5,0.5,3.3
350,df,<2.5,0.0,2.0
350,df,<5,0.0,3.3
350,df,<6,1.2,7.0
350,df,<7,3.3,7.6
350,md,<2.5,0.5,2.4
350,gf,<2.5,0.4,1.9
350,gf,<5,1.8,3.2
324,to,<2.5,0.5,1.4
324,gf,<2.5,0.7,1.8
324,gf,<5,2.9,4.3
324,rw,<2.5,0.5,1.5
324,df,<2.5,1.0,1.8
324,df,<5,2.5,3.4
324,df,<6,3.2,6.4
324,df,<7,6.7,9.7
324,df,<8,11.5,12.5
324,df,<9,5.9,10.2
324,df,<10,6.1,11.1
325,to,<2.5,0.3,1.7
128,rw,<2.5,2.5,4.0
128,rw,<5,0.0,3.3
128,rw,<5,2.0,5.0
128,rw,<5,0.3,3.0
128,rw,<7,0.2,8.0
128,rw,<8,1.0,9.5
128,to,<2.5,2.3,4.0
128,to,<2.5,1.0,1.9
128,to,<5,1.5,2.5
128,to,<5,1.5,2.4
128,to,<5,2.0,3.4
128,to,<5,1.0,4.5
128,to,<6,2.5,5.9
128,to,<7,2.7,6.4
128,to,<7,1.7,8.0
128,to,<7,2.5,7.5
128,to,<9,2.7,8.6
128,to,<9,2.0,10.0
128,to,<10,3.4,9.5
128,to,<5,1.0,5.0
128,df,<2.5,0.5,1.4
128,df,<2.5,0.3,2.0
128,df,<2.5,0.8,2.1
128,df,<2.5,0.6,2.1
128,df,<5,1.0,""
128,df,<5,3.5,""
128,df,<5,0.0,3.5
128,df,<10,2.6,11.2
128,gf,<2.5,2.5,4.0
128,gf,<6,0.0,2.5
128,gf,<7,1.0,3.9
129,rw,<2.5,0.0,2.5
129,rw,<2.5,1.4,2.1
129,rw,<2.5,2.1,2.6
129,rw,<2.5,1.0,2.3
129,rw,<5,0.5,4.0
129,rw,<5,1.0,5.5
129,rw,<5,2.0,3.1
129,rw,<6,2.5,6.3
129,rw,<7,1.4,9.1
129,rw,<8,2.1,12.3
129,to,<2.5,0.5,2.1
129,to,<2.5,0.0,1.5
129,to,<2.5,1.0,3.0
129,to,<2.5,0.5,3.0
129,to,<5,1.0,4.0
129,to,<5,0.0,1.5
129,to,<5,1.0,2.0
129,to,<5,1.0,4.0
129,to,<6,1.0,5.0
129,to,<6,1.0,7.5
129,to,<7,1.5,9.5
129,to,<8,2.0,8.3
129,to,<10,3.0,12.0
129,df,<2.5,0.5,2.2
129,df,<5,1.4,6.0
129,gf,<2.5,0.1,1.6
129,gf,<2.5,1.4,1.5
129,gf,<2.5,0.2,4.0
129,gf,<5,1.0,6.3
129,gf,<6,2.0,8.5
130,rw,<2.5,1.4,3.0
130,rw,<2.5,0.1,2.5
130,rw,<2.5,0.5,3.5
130,rw,<5,2.0,4.5
130,rw,<5,3.5,5.0
130,rw,<7,2.1,6.3
130,rw,<8,5.0,10.5
130,rw,<10,2.0,10.5
130,to,<2.5,1.0,2.2
130,to,<2.5,1.0,2.1
130,to,<2.5,0.3,2.0
130,to,<2.5,0.5,1.5
130,to,<5,1.4,2.5
130,to,<5,0.5,3.5
130,to,<5,2.2,6.0
130,to,<6,3.0,6.0
130,to,<6,2.0,8.0
130,to,<7,2.0,4.5
130,to,<7,2.5,7.5
130,to,<9,2.0,9.5
130,df,<2.5,1.0,2.1
130,df,<2.5,2.0,2.5
130,df,<2.5,1.1,4.0
130,df,<2.5,0.3,2.0
130,df,<2.5,0.5,2.5
130,df,<5,1.5,4.2
130,gf,<2.5,1.0,2.0
130,gf,<2.5,2.0,2.5
130,gf,<2.5,1.0,4.0
130,gf,<2.5,0.3,2.0
130,gf,<2.5,0.5,2.5
130,gf,<5,1.5,4.2
131,rw,<6,2.2,5.0
131,rw,<7,3.0,8.0
131,to,<2.5,0.5,2.0
131,to,<2.5,0.4,3.5
131,to,<2.5,0.0,2.0
131,to,<2.5,0.5,1.9
131,to,<5,1.0,5.0
131,to,<5,1.0,3.5
131,to,<5,0.5,2.5
131,to,<6,1.9,6.5
131,to,<7,2.0,4.5
131,to,<8,3.5,9.5
131,to,<9,2.5,8.5
131,to,<2.5,0.5,1.8
131,to,<2.5,1.0,4.5
131,df,<5,6.0,8.0
131,gf,<2.5,0.2,1.9
131,gf,<2.5,1.8,2.1
131,gf,<5,0.1,5.0
131,gf,<5,1.8,4.0
131,gf,<6,6.0,8.5
132,rw,<2.5,0.0,2.9
132,rw,<5,2.0,4.5
132,rw,<6,2.9,4.0
132,rw,<7,3.0,8.5
132,rw,<8,6.0,10.5
132,rw,<10,5.0,9.5
132,to,<2.5,1.4,2.0
132,to,<2.5,1.0,1.9
132,to,<2.5,2.0,3.0
132,to,<5,0.9,4.6
132,to,<5,2.0,5.1
132,to,<5,1.0,3.0
132,to,<5,1.3,3.9
132,to,<5,2.8,5.2
132,to,<5,4.0,6.0
132,to,<5,1.0,2.5
132,to,<6,1.9,6.1
132,to,<6,3.1,7.0
132,to,<6,0.9,6.1
132,to,<6,4.0,6.5
132,to,<7,2.5,6.7
132,to,<7,2.3,5.0
132,to,<7,4.0,7.5
132,to,<8,1.7,5.5
132,to,<8,4.0,9.0
132,to,<10,3.2,9.4
132,df,<2.5,0.2,2.5
132,df,<5,4.0,4.5
132,df,<7,2.0,8.0
132,gf,<2.5,1.0,2.2
132,gf,<2.5,0.9,3.7
132,gf,<5,2.9,3.7
132,md,<5,3.0,4.0
132,md,<7,3.8,5.7
484,rw,<2.5,1.2,2.4
484,rw,<5,0.0,2.7
484,rw,<9,3.6,7.3
485,df,<2.5,0.6,1.5
485,df,<7,5.4,7.8
485,df,<9,3.2,6.7
485,df,<10,6.3,9.7
485,gf,<5,0.8,4.2
485,to,<2.5,0.0,1.7
485,to,<5,0.1,7.6
485,to,<7,0.0,2.1
485,rw,<2.5,0.7,4.0
485,wm,<5,0.5,5.7
485,wm,<7,1.3,7.4
481,df,<2.5,0.4,1.6
481,df,<5,1.3,3.8
481,df,<10,10.6,15.4
481,to,<2.5,0.1,2.2
481,to,<6,0.5,4.9
481,gf,<2.5,1.6,2.4
481,gf,<5,1.5,3.6
481,gf,<9,5.8,9.6
481,rw,<2.5,0.0,1.5
481,rw,<5,1.0,3.0
481,md,<2.5,1.7,2.6
482,rw,<2.5,0.5,1.6
482,rw,<5,0.8,3.5
482,rw,<8,4.2,4.8
482,rw,<9,4.7,5.2
482,to,<2.5,0.2,2.0
482,to,<5,0.3,2.8
482,to,<7,0.4,3.8
482,to,<10,3.4,7.4
482,gf,<2.5,1.1,1.9
482,gf,<5,0.6,2.4
482,gf,<7,5.4,6.8
482,gf,<9,1.8,9.2
482,df,<2.5,2.8,3.6
482,df,<6,1.4,5.3
482,df,<7,3.8,7.5
482,df,<8,4.2,7.6
482,df,<9,2.5,7.7
482,df,<10,6.4,7.9
482,md,<2.5,1.9,2.3
482,wm,<6,2.3,2.8
483,df,<2.5,0.7,1.6
483,df,<6,2.0,3.5
483,df,<7,4.6,5.4
483,df,<8,3.7,4.5
483,df,<10,0.0,9.0
483,to,<2.5,0.6,2.2
483,to,<6,2.3,4.4
483,to,<7,2.0,5.6
483,to,<8,1.1,5.9
483,rw,<6,1.4,2.9
483,rw,<9,1.6,2.7
483,gf,<2.5,0.4,1.8
483,gf,<7,0.5,8.7
484,df,<5,2.7,8.6
484,to,<2.5,0.0,1.7
484,to,<5,0.0,4.3
484,to,<6,0.0,4.2
484,to,<7,0.0,4.2
484,to,<9,1.4,6.1
484,to,<10,0.0,5.8
378,to,<2.5,0.0,2.3
378,to,<5,2.1,4.4
378,to,<6,1.9,5.3
378,rw,<2.5,0.0,1.7
378,rw,<5,0.0,2.6
378,rw,<6,5.4,7.2
378,rw,<7,5.4,7.7
378,rw,<8,4.6,6.2
378,rw,<9,4.4,6.2
378,rw,<10,6.1,7.9
378,df,<5,0.5,5.8
378,df,<6,5.3,8.8
378,df,<9,5.3,9.2
378,gf,<2.5,1.0,1.5
379,to,<2.5,0.5,1.7
379,df,<2.5,0.0,1.7
379,df,<8,0.0,0.5
379,df,<9,2.1,9.0
379,rw,<2.5,0.0,1.4
380,df,<2.5,0.0,2.2
380,df,<5,3.3,5.5
380,df,<7,5.8,9.9
380,df,<8,5.7,11.9
380,df,<9,2.7,11.4
380,df,<10,6.0,13.3
380,to,<2.5,0.0,1.7
380,to,<5,2.1,6.0
380,to,<6,2.0,6.8
380,to,<7,3.0,6.3
380,rw,<2.5,1.5,1.8
380,rw,<5,1.2,4.9
380,rw,<6,4.6,7.7
380,rw,<7,4.2,6.8
380,rw,<8,4.0,7.6
380,rw,<10,3.8,9.0
380,gf,<5,3.6,5.2
380,gf,<6,4.4,6.3
380,gf,<8,4.4,10.2
381,rw,<2.5,0.0,2.5
381,rw,<6,2.6,4.7
381,rw,<7,3.8,7.2
381,rw,<8,1.0,7.6
381,rw,<9,4.0,8.6
381,gf,<2.5,0.5,3.7
381,gf,<5,1.4,4.3
381,gf,<6,2.3,9.0
381,gf,<9,5.6,11.5
381,df,<2.5,0.8,3.7
381,df,<5,7.5,9.7
381,df,<6,4.9,8.2
381,df,<7,1.5,9.2
381,df,<8,2.2,7.5
381,df,<9,3.6,12.0
381,df,<10,6.5,15.4
381,to,<2.5,0.2,1.7
381,to,<5,1.7,6.1
381,to,<6,1.4,4.7
382,gf,<2.5,1.0,1.4
382,gf,<5,1.5,4.1
382,gf,<6,2.3,6.5
382,gf,<7,4.9,9.8
382,gf,<8,2.8,10.5
382,gf,<9,2.9,10.0
382,df,<2.5,0.6,1.7
382,df,<5,2.4,6.3
382,df,<6,3.7,8.1
382,df,<7,3.6,8.2
382,df,<8,3.9,8.6
382,rw,<2.5,1.3,2.6
382,rw,<5,3.2,5.9
382,rw,<8,4.2,7.0
382,rw,<9,3.1,9.3
382,to,<2.5,1.2,2.7
382,to,<5,0.8,4.1
382,to,<6,2.3,6.0
382,to,<7,1.5,6.8
382,to,<9,1.9,8.5
382,md,<2.5,3.3,4.1
382,md,<5,3.3,5.0
372,to,<2.5,0.0,1.5
372,to,<5,0.0,2.4
372,df,<2.5,1.4,2.6
372,df,<6,0.0,5.6
372,df,<8,0.9,7.4
372,gf,<2.5,0.0,1.8
372,wm,<2.5,0.8,1.9
372,wm,<5,2.1,3.1
373,df,<2.5,1.3,3.5
373,df,<5,4.4,7.5
373,df,<7,8.3,13.7
373,df,<8,2.9,6.9
373,df,<9,7.0,13.1
373,to,<2.5,0.0,1.5
373,to,<5,1.0,3.1
373,rw,<2.5,1.0,2.3
373,rw,<5,0.0,3.9
373,gf,<5,1.8,5.6
373,gf,<6,6.0,9.0
373,gf,<7,5.6,8.8
374,rw,<5,0.0,2.8
374,rw,<6,0.9,4.2
374,rw,<7,0.0,6.7
374,rw,<8,0.0,5.3
374,rw,<9,2.9,4.2
374,rw,<2.5,0.0,2.2
374,df,<2.5,0.0,1.4
374,df,<6,1.0,5.2
374,to,<2.5,0.9,1.9
374,to,<10,1.1,9.4
374,gf,<2.5,1.0,1.8
374,gf,<5,1.0,3.5
374,gf,<7,1.1,6.6
374,gf,<8,2.6,11.0
374,gf,<9,2.9,12.1
375,df,<5,0.0,4.9
375,rw,<2.5,0.0,2.2
375,rw,<5,0.0,3.9
375,to,<2.5,0.0,1.9
375,to,<5,2.2,3.1
376,rw,<2.5,0.0,1.4
376,rw,<5,0.0,2.5
376,rw,<7,2.0,5.8
376,rw,<8,3.0,6.0
376,to,<2.5,0.3,1.7
376,df,<2.5,0.5,2.0
394,to,<2.5,0.0,1.7
394,to,<5,0.0,3.7
394,df,<5,1.0,2.4
394,df,<6,4.6,6.9
394,df,<8,4.7,6.6
394,df,<9,6.5,10.7
394,df,<10,5.9,11.0
394,rw,<2.5,0.0,2.4
394,rw,<5,1.2,5.8
394,gf,<2.5,0.5,1.7
394,gf,<5,1.3,3.2
394,gf,<6,3.3,6.2
394,gf,<7,4.4,6.5
394,gf,<8,0.2,6.2
394,gf,<9,4.1,10.1
394,sx,<2.5,0.3,1.6
395,df,<2.5,1.7,2.3
395,df,<9,5.5,9.3
395,rw,<2.5,0.9,1.4
395,rw,<5,1.5,4.3
395,rw,<6,0.0,3.9
395,rw,<7,0.8,6.4
395,rw,<10,1.4,8.1
395,gf,<2.5,0.4,2.3
395,gf,<5,4.5,6.0
395,gf,<6,4.6,7.1
395,gf,<8,1.5,4.6
395,gf,<10,1.0,12.6
395,to,<2.5,1.0,1.9
395,to,<5,0.0,4.2
395,to,<6,2.0,7.0
396,rw,<2.5,0.0,1.9
396,rw,<5,0.8,3.1
396,to,<2.5,0.0,1.6
396,to,<5,3.2,5.9
396,to,<10,4.2,7.1
396,df,<9,5.7,8.0
396,gf,<2.5,1.6,1.9
396,gf,<5,4.7,7.0
396,gf,<6,3.4,5.5
396,gf,<7,2.6,6.6
396,gf,<8,2.5,7.8
396,gf,<9,3.6,9.3
396,cb,<2.5,1.8,3.5
397,to,<2.5,0.0,1.6
397,to,<5,0.3,3.8
397,to,<6,3.5,8.4
397,to,<7,2.2,6.0
397,to,<8,1.0,10.3
397,to,<9,2.7,9.3
397,gf,<2.5,1.6,2.6
397,gf,<5,2.8,4.6
397,gf,<6,3.6,5.9
397,rw,<2.5,1.2,2.4
397,rw,<5,2.9,4.1
397,rw,<6,1.4,5.0
397,rw,<7,5.2,8.4
397,rw,<9,4.2,8.7
397,rw,<10,4.3,10.3
359,rw,<2.5,0.4,2.5
359,rw,<5,1.0,4.6
359,rw,<6,2.8,6.7
359,rw,<7,0.0,4.8
359,rw,<8,3.5,8.2
359,rw,<9,0.0,7.4
359,to,<2.5,1.2,3.4
359,to,<5,1.4,7.9
359,df,<2.5,0.5,2.6
359,gf,<2.5,1.2,2.2
359,gf,<5,1.5,4.3
359,gf,<6,3.9,5.2
359,wm,<2.5,1.6,3.9
445,df,<2.5,0.0,1.7
445,df,<5,0.0,4.2
445,df,<7,4.4,6.8
445,gf,<2.5,0.0,2.8
445,gf,<8,0.0,6.4
445,rw,<2.5,0.0,1.6
445,rw,<5,0.5,4.6
445,rw,<7,1.2,4.2
446,rw,<2.5,0.0,1.3
446,rw,<5,0.0,2.3
446,rw,<6,2.1,5.4
446,rw,<7,0.2,4.3
446,rw,<8,3.8,5.3
446,rw,<10,1.1,7.9
446,to,<2.5,0.0,1.5
447,df,<2.5,0.0,2.8
447,df,<5,0.2,3.2
447,df,<6,0.6,3.8
447,df,<7,0.4,4.2
447,df,<9,1.3,4.3
447,gf,<2.5,0.3,2.7
447,to,<2.5,1.1,2.2
447,wm,<6,1.2,3.9
447,rw,<7,0.6,1.9
447,rw,<8,0.4,2.7
448,"w,",<2.5,0.0,3.6
448,wm,<2.5,0.0,3.6
448,df,<2.5,1.2,3.9
448,rw,<2.5,1.1,2.4
448,rw,<5,1.9,3.8
448,to,<2.5,0.0,1.6
448,to,<8,0.9,4.2
449,to,<2.5,0.0,1.6
449,to,<5,0.3,2.3
449,df,<2.5,0.7,1.1
449,df,<5,1.5,4.7
449,df,<6,3.9,9.6
449,df,<9,2.2,12.2
440,df,<2.5,0.1,2.1
440,df,<5,1.6,4.5
440,df,<6,2.6,3.0
440,df,<9,1.5,6.5
440,to,<2.5,0.2,1.6
440,to,<5,0.4,6.5
440,to,<6,0.5,5.5
440,to,<7,2.4,7.0
440,rw,<2.5,1.6,2.6
440,rw,<5,2.5,3.7
440,rw,<6,1.6,4.5
440,rw,<10,2.3,4.8
441,df,<7,5.5,10.2
441,gf,<2.5,2.1,2.3
441,gf,<5,5.3,6.5
441,gf,<6,1.5,6.4
441,gf,<7,2.0,8.2
441,gf,<9,2.0,6.8
441,rw,<2.5,1.3,2.4
441,rw,<5,1.6,4.2
441,rw,<7,0.3,6.1
441,rw,<9,1.7,5.7
441,rw,<10,0.5,6.0
441,wm,<2.5,1.2,1.5
441,wm,<5,0.0,4.2
441,wm,<6,1.5,4.1
441,wm,<7,2.2,4.4
441,to,<2.5,0.0,1.8
441,to,<5,1.3,5.7
442,df,<5,1.6,3.9
442,df,<8,0.4,6.4
442,df,<9,2.1,8.5
442,rw,<5,0.3,5.4
442,rw,<6,1.3,5.2
442,rw,<7,1.8,5.7
442,rw,<8,1.3,5.6
442,rw,<9,4.0,6.8
442,rw,<10,1.8,7.2
442,gf,<5,0.2,3.7
443,df,<2.5,0.9,2.7
443,df,<6,0.0,3.5
443,gf,<9,1.0,3.8
443,rw,<2.5,0.0,1.7
443,rw,<6,0.0,2.9
443,rw,<8,0.0,3.9
443,rw,<10,0.0,3.2
444,gf,<2.5,1.4,1.6
444,gf,<5,0.3,3.4
444,gf,<8,3.0,4.6
444,to,<2.5,0.0,1.5
133,rw,<2.5,1.0,2.3
133,rw,<2.5,1.4,2.0
133,rw,<2.5,0.0,1.4
133,rw,<2.5,0.9,2.0
133,rw,<5,1.0,4.3
133,rw,<5,2.0,2.3
133,rw,<6,1.8,4.5
133,rw,<7,2.0,4.5
133,rw,<8,3.0,7.4
133,rw,<10,2.5,7.0
133,to,<2.5,0.4,2.0
133,to,<2.5,2.0,3.0
133,to,<2.5,0.3,1.8
133,to,<5,2.0,4.5
133,to,<5,2.0,5.0
133,to,<6,2.0,4.3
133,to,<7,1.0,5.7
133,to,<7,4.5,6.0
133,to,<8,1.0,6.7
133,to,<8,1.4,5.5
133,df,<2.5,2.0,4.8
133,df,<5,3.5,4.5
133,df,<5,5.7,6.7
133,df,<5,3.5,5.9
133,df,<5,6.2,7.7
133,df,<6,1.0,4.7
133,df,<7,0.7,7.2
133,df,<7,4.3,7.1
133,df,<8,6.3,11.8
133,df,<9,6.1,10.8
133,df,<10,5.0,10.2
133,gf,<2.5,1.9,3.0
133,gf,<2.5,1.0,2.0
133,gf,<5,2.0,5.0
133,gf,<5,1.9,3.5
133,gf,<7,0.2,7.2
134,rw,<5,2.1,3.6
134,rw,<6,2.7,4.9
134,rw,<7,5.5,6.1
134,rw,<8,3.5,6.2
134,rw,<10,3.2,6.2
134,to,<2.5,1.9,2.1
134,to,<2.5,0.3,2.0
134,to,<2.5,1.9,2.3
134,to,<5,0.5,3.0
134,to,<5,1.0,3.8
134,to,<5,1.0,4.5
134,to,<6,3.0,6.0
134,to,<6,2.9,6.6
134,to,<7,5.5,8.6
134,to,<7,3.4,7.3
134,to,<7,4.4,9.6
134,to,<8,6.2,7.8
134,to,<8,3.8,6.4
134,to,<10,6.8,9.5
134,to,<10,3.3,9.0
134,to,<10,4.7,10.2
134,df,<5,2.0,5.5
135,rw,<2.5,0.1,1.4
135,rw,<2.5,1.0,1.4
135,rw,<5,1.0,3.0
135,rw,<5,0.0,4.0
135,rw,<5,1.0,3.5
135,rw,<6,4.9,7.4
135,rw,<6,2.1,4.8
135,rw,<7,0.0,6.3
135,rw,<9,0.0,5.5
135,rw,<10,0.9,6.7
135,rw,<10,3.8,8.3
135,to,<2.5,0.3,1.5
135,to,<2.5,2.3,1.7
135,to,<5,1.4,4.3
135,to,<7,1.0,5.7
135,df,<2.5,2.2,4.0
135,df,<2.5,2.0,3.8
135,df,<2.5,1.4,2.3
135,df,<5,3.4,5.4
135,df,<5,1.0,4.3
135,df,<5,1.8,4.4
135,df,<6,2.8,7.5
135,df,<6,1.7,6.1
135,gf,<5,2.3,3.9
135,gf,<7,4.8,7.0
136,rw,<2.5,1.4,2.0
136,rw,<2.5,0.0,1.8
136,rw,<2.5,0.5,2.2
136,rw,<5,2.1,3.9
136,rw,<5,0.5,3.2
136,rw,<10,3.6,8.7
136,to,<2.5,1.8,2.2
136,to,<2.5,0.0,2.0
136,to,<2.5,0.5,1.4
136,to,<5,1.0,6.1
136,to,<6,1.0,7.2
136,to,<7,3.6,8.1
136,to,<8,2.1,9.5
136,df,<2.5,2.5,2.9
136,df,<2.5,1.9,3.0
136,df,<5,2.0,4.1
136,df,<5,2.3,6.0
136,df,<6,5.3,10.3
136,df,<8,2.8,10.0
136,df,<9,4.6,11.9
136,df,<10,3.2,12.6
136,df,<10,1.5,11.6
136,gf,<6,1.7,7.9
136,gf,<8,0.8,10.8
136,wm,<2.5,0.8,1.4
136,wm,<2.5,0.7,2.0
136,wm,<5,1.0,5.5
139,rw,<2.5,0.5,2.0
139,rw,<5,0.5,3.3
139,rw,<6,0.5,4.5
139,to,<2.5,0.4,1.9
139,to,<5,1.0,4.2
139,to,<7,1.0,5.0
139,to,<8,0.0,6.8
139,to,<10,1.2,6.5
139,df,<2.5,0.8,1.8
139,df,<5,2.0,3.8
139,df,<6,1.4,5.2
139,df,<7,2.9,6.9
140,rw,<2.5,0.5,1.8
140,rw,<5,1.4,3.7
140,rw,<9,5.0,8.8
140,to,<2.5,1.0,3.0
140,to,<5,1.2,3.2
140,to,<6,3.0,7.0
140,to,<7,3.8,8.9
140,to,<8,4.4,7.6
140,to,<9,2.3,10.0
140,gc,<8,5.0,8.1
140,gf,<2.5,1.7,2.0
140,gf,<5,3.8,4.5
141,rw,<2.5,0.3,2.3
141,rw,<5,0.0,3.4
141,rw,<7,5.3,6.5
141,to,<2.5,0.0,2.1
141,to,<5,0.0,3.2
142,rw,<2.5,0.3,1.7
142,rw,<5,3.6,7.3
142,rw,<6,0.0,6.8
142,rw,<10,2.7,8.3
142,to,<2.5,0.5,2.0
142,to,<5,0.9,3.5
142,to,<6,1.1,5.5
142,to,<8,2.1,7.5
142,md,<2.5,1.0,2.3
142,wm,<2.5,0.5,2.2
143,rw,<2.5,0.0,2.6
143,rw,<5,0.7,3.3
143,rw,<6,0.7,5.8
143,to,<2.5,0.0,1.7
143,to,<5,0.3,3.0
144,to,<5,3.4,6.7
144,to,<6,6.9,9.6
144,to,<6,5.9,10.9
144,to,<8,5.1,9.1
144,to,<8,3.3,9.4
144,to,<10,5.4,12.0
144,rw,<5,4.2,5.8
144,rw,<7,6.6,7.9
144,rw,<8,6.3,7.8
144,df,<5,6.0,6.4
144,df,<6,10.4,13.5
144,df,<7,8.3,10.5
144,df,<8,10.4,15.8
144,df,<8,9.2,11.9
144,df,<9,10.8,16.4
144,df,<9,9.4,12.9
144,df,<10,11.3,14.9
144,gf,<5,3.0,6.4
145,rw,<2.5,0.0,1.8
145,rw,<5,0.0,3.6
145,rw,<6,3.2,3.6
145,rw,<7,4.8,7.4
145,rw,<8,6.9,9.5
145,to,<2.5,1.5,2.4
145,to,<5,3.6,5.8
145,to,<6,3.8,5.6
145,to,<7,1.0,6.0
145,to,<8,2.7,6.0
145,to,<9,4.0,6.7
145,df,<2.5,1.5,2.0
145,df,<5,4.9,8.7
145,df,<6,6.2,7.6
145,df,<7,6.0,10.5
145,df,<8,5.7,8.7
145,df,<9,5.0,8.4
145,md,<2.5,0.0,1.6
145,gf,<2.5,1.0,3.0
145,gf,<5,2.0,5.4
145,gf,<7,2.8,10.1
145,gf,<8,7.5,11.8
145,gf,<10,4.6,13.2
147,to,<2.5,0.5,2.5
147,to,<5,0.2,3.6
147,to,<7,1.3,6.6
147,to,<10,3.4,11.1
147,df,<2.5,2.8,3.6
147,df,<5,4.5,2.3
147,df,<6,5.5,9.2
147,df,<7,4.9,9.8
147,df,<8,4.6,10.4
147,df,<9,2.3,6.6
147,gf,<2.5,0.4,1.8
147,gf,<5,3.9,7.8
147,gf,<6,1.0,2.8
147,wm,<2.5,1.4,2.3
147,rw,<2.5,0.5,2.2
147,rw,<5,1.6,3.8
147,rw,<6,2.0,5.8
147,rw,<7,2.8,5.4
146,rw,<2.5,0.0,2.0
146,rw,<5,3.0,3.6
146,rw,<6,2.7,7.8
146,to,<2.5,0.0,1.8
146,to,<5,1.6,5.3
146,to,<6,2.4,9.7
146,to,<8,2.2,7.8
146,df,<2.5,1.0,1.7
146,df,<5,3.9,7.2
146,df,<6,4.3,7.9
146,df,<7,3.0,8.7
146,df,<7,1.6,7.1
146,df,<8,2.7,9.4
146,df,<10,2.9,8.4
146,gf,<2.5,0.5,1.8
146,gf,<5,1.3,4.8
146,gf,<10,1.7,8.8
146,wm,<2.5,1.0,2.2
146,wm,<7,4.3,11.6
148,rw,<2.5,0.0,1.7
148,rw,<5,1.0,3.5
148,rw,<6,1.0,5.8
148,rw,<7,0.0,6.1
148,rw,<10,0.0,7.3
148,to,<2.5,0.5,2.4
148,to,<5,1.5,4.5
148,to,<7,0.0,7.0
148,to,<8,1.0,6.6
148,to,<10,2.0,8.3
148,df,<5,1.0,4.4
148,gf,<2.5,0.5,2.8
148,wm,<2.5,1.0,1.6
148,cb,<2.5,0.5,2.1
149,rw,<2.5,0.0,2.0
149,rw,<6,0.0,4.8
149,to,<2.5,0.0,1.9
149,to,<6,2.0,5.3
149,to,<7,0.2,5.7
149,to,<10,0.0,6.5
149,df,<10,7.4,12.8
149,gf,<5,0.8,4.4
149,wm,<2.5,1.2,2.1
149,md,<2.5,0.8,1.5
150,rw,<2.5,0.9,2.3
150,rw,<5,1.2,3.1
150,rw,<6,3.3,6.8
150,rw,<7,3.4,7.4
150,rw,<9,3.5,9.0
150,to,<2.5,1.8,3.0
150,to,<5,1.8,5.0
150,to,<6,1.4,5.3
150,to,<7,3.3,8.9
150,to,<8,5.1,8.3
150,to,<9,4.1,9.6
150,to,<10,1.5,7.7
150,df,<2.5,2.4,2.6
151,rw,<2.5,0.7,2.0
151,rw,<5,2.0,3.8
151,rw,<6,1.8,4.5
151,rw,<7,1.4,5.5
151,rw,<9,3.0,7.9
151,to,<2.5,0.0,1.4
151,to,<5,0.5,2.9
151,to,<6,1.9,4.1
151,to,<7,1.4,5.7
151,df,<2.5,2.3,3.9
151,df,<5,3.0,4.2
151,df,<6,4.1,6.3
151,df,<8,3.4,9.2
151,df,<10,6.0,10.0
151,gf,<2.5,1.0,1.8
151,wm,<2.5,0.3,2.0
152,rw,<2.5,0.0,2.0
152,rw,<5,0.5,3.7
152,rw,<6,1.9,6.2
152,rw,<8,6.3,8.4
152,to,<2.5,0.0,1.6
152,to,<5,0.5,2.4
152,hm,<2.5,0.4,2.0
153,rw,<2.5,0.3,2.2
153,rw,<5,3.5,4.8
153,rw,<6,3.0,5.6
153,rw,<9,1.5,6.2
153,rw,<10,5.0,6.8
153,to,<2.5,0.0,2.5
153,to,<5,2.0,6.0
153,to,<9,5.0,6.8
153,to,<10,2.5,9.2
153,gf,<2.5,0.3,2.1
154,rw,<2.5,0.0,2.1
154,rw,<5,1.7,3.8
154,rw,<6,0.0,7.7
154,rw,<10,6.1,10.5
154,to,<2.5,0.0,1.6
154,to,<5,0.0,3.5
154,to,<6,0.9,6.7
154,to,<7,3.7,9.2
154,to,<8,0.0,6.7
154,to,<9,0.0,5.9
154,to,<10,2.0,7.8
154,df,<2.5,0.0,2.6
154,df,<5,1.0,4.2
154,gf,<5,0.5,4.2
154,md,<2.5,1.4,2.2
154,md,<5,2.0,4.2
155,rw,<2.5,0.0,2.3
155,rw,<5,1.7,4.8
155,rw,<6,3.9,6.6
155,rw,<7,0.2,3.4
155,rw,<8,4.2,7.9
155,to,<2.5,0.0,2.3
155,to,<5,1.5,5.8
155,df,<2.5,1.0,3.3
155,df,<6,1.6,7.4
155,df,<8,4.6,10.3
155,df,<9,1.5,12.1
155,df,<10,3.9,9.4
155,gf,<5,1.6,5.5
156,rw,<2.5,0.5,2.3
156,rw,<5,0.0,5.4
156,rw,<5,2.0,5.0
156,rw,<6,4.0,8.6
156,rw,<7,4.5,7.3
156,rw,<8,3.9,7.9
156,rw,<9,3.3,9.9
156,rw,<10,2.5,8.6
156,to,<2.5,1.3,2.5
156,to,<2.5,0.0,1.4
156,to,<7,1.4,6.3
156,to,<7,2.3,6.3
156,to,<9,0.8,8.6
156,df,<2.5,0.0,2.6
156,df,<5,0.2,3.5
156,df,<7,0.5,8.7
156,gf,<2.5,1.0,1.5
156,wm,<2.5,1.2,2.0
157,rw,<2.5,0.0,2.0
157,rw,<5,0.7,4.0
157,rw,<6,1.9,5.3
157,rw,<7,1.0,5.5
157,rw,<8,3.5,9.5
157,rw,<10,1.7,9.5
157,to,<2.5,0.0,2.0
157,to,<5,1.0,3.2
157,to,<6,1.8,2.5
157,to,<7,1.0,4.5
157,to,<8,1.0,6.0
157,df,<2.5,0.0,1.9
157,df,<5,1.0,3.8
157,df,<6,1.3,4.3
157,df,<9,1.7,8.5
158,rw,<5,2.3,4.3
158,rw,<6,7.4,7.9
158,rw,<7,4.0,8.0
158,rw,<10,5.3,8.3
158,to,<2.5,0.0,1.8
158,to,<5,5.0,6.9
158,to,<6,5.3,9.4
158,to,<7,6.7,9.5
158,to,<8,7.0,10.0
158,to,<9,6.5,10.3
158,to,<10,5.0,10.0
158,df,<2.5,4.3,5.0
158,df,<5,4.2,7.2
158,df,<6,5.2,7.5
158,df,<7,8.0,10.3
158,df,<8,6.0,11.3
158,df,<9,7.5,13.2
158,df,<10,8.5,10.5
332,md,<2.5,0.5,1.6
332,md,<5,1.4,4.7
332,md,<6,1.4,6.0
332,rw,<2.5,0.3,1.8
332,rw,<5,0.0,3.3
332,to,<2.5,1.1,2.5
332,to,<5,1.4,3.2
332,df,<7,2.7,7.9
332,df,<8,5.6,10.3
332,df,<9,5.5,11.6
332,sx,<2.5,2.4,3.1
332,sx,<5,1.9,5.7
332,wm,<2.5,1.0,1.7
332,wm,<7,4.8,9.9
333,rw,<2.5,0.9,2.2
333,rw,<5,3.1,4.7
333,rw,<8,1.3,7.1
333,rw,<9,9.1,12.9
333,rw,<10,7.1,11.5
333,to,<2.5,0.5,2.4
333,to,<5,0.0,4.3
333,to,<8,3.5,8.0
333,df,<6,9.1,""
333,df,<7,2.5,6.2
333,gf,<2.5,0.3,1.6
333,gf,<5,0.5,2.8
159,rw,<2.5,1.2,2.3
159,rw,<5,0.0,3.2
159,rw,<6,3.8,6.7
159,rw,<10,0.0,5.3
159,to,<2.5,0.0,1.9
159,gc,<2.5,0.6,1.5
160,rw,<2.5,1.7,2.4
160,rw,<7,3.9,5.9
160,to,<2.5,1.3,2.0
160,to,<5,0.7,5.6
160,to,<6,2.4,6.6
160,to,<7,1.0,7.2
160,to,<10,3.7,8.3
160,gf,<5,2.2,5.4
161,rw,<2.5,0.0,1.4
161,rw,<6,4.5,6.3
161,to,<2.5,0.4,1.8
161,to,<5,0.3,4.7
161,to,<9,1.1,9.7
161,to,<10,0.5,7.1
161,df,<7,8.9,11.8
510,to,<5,4.4,6.1
510,to,<6,5.1,8.0
510,to,<7,5.6,8.6
510,to,<9,6.6,8.6
510,df,<5,4.9,7.0
510,df,<6,9.8,10.9
510,df,<7,8.0,11.7
510,df,<9,9.1,12.8
510,hm,<2.5,1.5,3.7
510,hm,<5,4.2,5.2
511,to,<2.5,0.8,1.8
511,to,<5,0.9,4.8
511,to,<7,0.7,4.0
511,rw,<5,2.0,3.2
511,rw,<6,0.0,4.0
511,rw,<7,0.7,4.9
511,rw,<9,3.1,7.8
512,to,<2.5,0.0,1.5
512,to,<5,3.4,7.0
512,to,<7,1.2,6.5
512,to,<10,2.3,8.2
512,hm,<2.5,0.5,1.5
513,to,<2.5,0.5,1.4
513,to,<5,2.3,4.9
513,rw,<7,2.1,6.1
514,to,<2.5,0.0,2.3
514,to,<5,1.5,3.5
514,to,<6,2.4,8.2
514,to,<7,1.8,4.4
514,to,<8,3.5,8.6
514,to,<9,0.0,4.7
514,rw,<2.5,1.5,3.8
514,df,<5,2.3,5.0
515,to,<2.5,0.0,1.9
515,to,<5,0.4,2.8
515,to,<10,0.5,11.8
515,rw,<2.5,0.9,2.4
515,rw,<5,0.0,2.6
515,rw,<7,0.6,5.7
515,gc,<2.5,1.3,2.1
516,to,<2.5,0.2,1.6
516,to,<7,1.1,3.6
516,to,<10,1.2,2.9
516,rw,<5,0.4,2.4
517,rw,<2.5,1.2,2.7
517,rw,<5,0.4,2.9
517,rw,<6,1.5,3.4
517,to,<2.5,0.2,1.5
517,to,<5,0.8,2.6
517,to,<6,1.2,3.2
517,to,<8,0.7,6.1
517,df,<2.5,0.2,1.9
518,to,<2.5,0.2,1.4
518,to,<5,1.2,3.9
518,to,<6,0.2,1.8
518,to,<8,3.2,5.7
518,to,<10,2.4,5.6
518,rw,<10,2.1,5.3
519,to,<5,0.4,2.8
519,to,<6,0.7,2.8
519,to,<7,1.7,4.4
519,to,<8,1.1,4.6
519,to,<9,6.4,8.2
519,to,<10,0.7,2.9
403,to,<2.5,1.2,2.5
403,gf,<2.5,1.4,1.8
403,gf,<5,3.5,5.7
403,rw,<2.5,1.1,2.2
403,rw,<6,0.5,4.0
403,rw,<7,2.5,6.0
403,rw,<8,3.2,8.2
403,rw,<10,7.0,10.5
404,to,<2.5,1.5,2.4
404,gf,<2.5,1.1,1.8
404,gf,<5,2.0,3.4
404,df,<2.5,2.3,3.1
404,df,<5,3.9,7.2
404,df,<6,3.4,5.8
404,df,<7,4.2,7.1
405,to,<2.5,1.1,1.4
405,to,<5,1.1,2.3
405,to,<7,0.9,6.2
405,to,<8,2.3,5.4
405,gf,<2.5,1.5,3.5
405,rw,<2.5,0.0,2.3
406,to,<2.5,0.0,2.7
406,df,<2.5,0.5,2.7
406,df,<5,3.4,5.2
406,df,<10,0.0,7.6
406,md,<2.5,0.8,1.8
407,to,<2.5,0.0,2.8
407,to,<5,2.8,4.8
407,to,<6,0.0,3.6
407,to,<7,2.4,6.5
407,to,<8,0.0,2.2
407,rw,<2.5,0.0,2.0
407,rw,<5,1.6,4.0
407,rw,<6,0.9,6.8
542,to,<2.5,1.0,1.7
542,to,<5,0.5,4.6
542,to,<6,4.3,11.7
542,to,<7,4.7,13.2
542,to,<8,5.8,12.1
542,to,<9,8.2,12.5
542,df,<2.5,0.3,1.7
542,df,<5,3.0,7.5
542,df,<6,3.7,7.6
542,df,<7,2.4,8.0
542,rw,<2.5,1.0,2.3
542,rw,<5,2.9,5.3
542,rw,<6,2.5,6.2
542,rw,<8,1.6,6.4
542,rw,<9,5.8,9.0
542,rw,<10,3.8,10.1
542,gf,<2.5,0.9,1.5
543,to,<2.5,0.0,2.1
543,to,<5,1.2,4.1
543,to,<9,0.0,5.9
543,gf,<2.5,0.1,1.6
543,gf,<5,1.1,4.3
543,rw,<2.5,1.4,2.2
543,rw,<5,0.0,2.9
543,rw,<6,0.3,5.7
543,rw,<8,0.0,2.6
543,rw,<9,1.9,7.9
543,rw,<10,0.0,3.1
544,to,<2.5,0.4,1.4
544,to,<5,0.3,2.9
544,to,<6,2.3,7.3
544,to,<7,1.9,4.8
544,to,<8,0.7,6.3
544,to,<10,1.6,5.2
544,gf,<2.5,0.0,1.4
544,gf,<5,1.5,3.2
544,gf,<7,1.0,6.4
544,df,<2.5,0.9,2.2
544,df,<5,1.5,3.2
544,df,<10,9.0,13.8
544,rw,<2.5,0.8,1.4
544,rw,<5,1.3,3.5
544,rw,<7,1.7,3.6
544,rw,<8,0.5,6.3
544,rw,<9,1.1,7.2
545,to,<2.5,0.2,1.4
545,to,<5,0.7,3.7
545,to,<6,2.0,3.8
545,to,<7,0.6,6.8
545,to,<8,1.2,4.5
545,rw,<2.5,0.6,2.4
545,rw,<5,0.3,5.1
545,df,<2.5,0.6,1.9
545,df,<5,1.5,4.6
546,to,<2.5,0.0,2.1
546,to,<5,0.8,3.4
546,rw,<2.5,1.0,2.1
546,rw,<5,0.6,5.4
546,rw,<7,0.0,6.5
546,rw,<8,1.4,4.3
546,rw,<9,0.7,6.1
546,rw,<10,0.5,4.7
546,df,<2.5,2.2,3.1
546,df,<5,1.8,2.9
546,df,<7,3.9,8.2
546,gf,<2.5,0.0,1.4
546,gf,<5,1.0,3.9
546,gf,<6,0.6,4.9
546,hm,<2.5,0.5,1.8
546,hm,<5,0.9,3.6
539,to,<2.5,1.5,2.3
539,to,<5,1.6,4.3
539,to,<6,1.2,2.7
539,to,<7,3.2,5.5
539,to,<8,3.5,6.9
539,to,<10,1.8,6.9
539,rw,<2.5,0.5,1.7
539,rw,<5,0.4,3.3
539,rw,<7,0.3,3.1
539,gf,<5,2.2,6.0
539,gf,<9,0.4,6.4
535,gf,<2.5,0.4,1.6
535,rw,<2.5,0.0,2.2
535,rw,<5,0.0,3.1
535,rw,<6,1.0,4.3
535,to,<2.5,0.0,1.6
535,to,<5,0.0,2.6
535,to,<7,0.0,3.9
535,to,<8,1.9,4.6
535,to,<9,3.2,4.9
536,rw,<2.5,1.2,2.2
536,rw,<5,0.4,3.4
536,rw,<8,1.4,6.2
536,to,<2.5,0.2,1.7
537,to,<2.5,0.0,1.9
537,to,<5,1.3,3.3
537,to,<7,3.0,11.3
537,gf,<2.5,1.8,2.3
537,gf,<5,1.2,2.8
537,df,<5,3.3,6.7
537,rw,<2.5,0.2,1.9
537,rw,<5,1.1,4.7
537,rw,<6,1.2,4.8
537,rw,<7,3.8,7.9
538,to,<2.5,0.0,1.8
538,to,<5,0.0,2.0
538,to,<10,1.1,9.4
538,gf,<2.5,0.5,2.1
538,rw,<5,0.0,2.3
538,rw,<6,0.0,5.0
538,rw,<7,1.2,5.3
163,rw,<2.5,1.8,2.0
163,rw,<5,2.5,3.3
163,rw,<6,3.0,4.5
163,df,<2.5,1.5,2.3
163,df,<5,5.5,8.0
163,df,<6,7.5,11.5
163,df,<8,3.0,11.0
163,hm,<2.5,1.0,2.0
163,hm,<5,1.0,4.0
163,hm,<6,1.0,5.5
163,hm,<7,3.0,9.5
163,to,<2.5,0.5,1.5
163,to,<5,2.0,4.0
163,to,<6,3.0,6.0
163,to,<7,2.0,8.5
163,to,<8,4.5,9.0
162,df,<2.5,1.0,2.0
162,df,<5,5.5,7.5
162,df,<6,7.0,9.0
162,df,<7,6.0,8.5
162,wm,<2.5,2.5,3.0
162,wm,<6,1.0,5.0
162,wm,<9,6.0,9.5
162,wm,<5,1.5,6.0
162,wm,<7,5.0,8.5
162,wm,<8,3.0,10.5
162,ra,<2.5,0.0,2.0
162,ra,<5,4.0,6.0
162,ra,<6,6.0,7.0
162,ra,<10,5.5,7.5
162,gf,<2.5,2.5,5.0
162,gf,<9,2.5,13.0
162,hm,<7,1.7,9.5
162,hm,<5,2.0,5.5
162,hm,<2.5,0.0,2.0
162,hm,<9,4.0,13.0
162,to,<2.5,0.5,3.5
162,to,<5,5.0,6.5
162,to,<6,4.5,10.0
162,to,<7,3.5,7.0
162,to,<8,4.5,8.0
162,rw,<9,2.0,9.5
162,rw,<6,3.0,8.0
162,rw,<2.5,1.5,2.0
162,rw,<10,4.5,11.0
162,rw,<8,2.0,7.0
167,rw,<2.5,0.7,2.0
167,rw,<5,1.5,3.4
167,df,<2.5,0.5,1.7
167,gf,<2.5,0.5,1.4
167,gf,<5,1.4,4.3
167,gf,<7,4.4,7.4
167,gf,<9,4.8,8.9
167,wm,<2.5,1.0,1.7
167,wm,<5,1.1,3.2
167,wm,<8,5.2,10.3
167,hm,<2.5,0.0,1.5
167,hm,<6,2.7,6.6
167,hm,<7,1.4,3.8
167,hm,<8,2.6,9.4
167,md,<2.5,1.6,3.0
167,to,<2.5,0.0,2.7
167,to,<5,1.0,2.3
167,to,<6,1.4,4.7
167,to,<9,1.4,7.5
168,rw,<2.5,0.5,2.1
168,rw,<5,1.0,3.5
168,rw,<7,1.9,5.3
168,rw,<9,4.9,6.9
168,to,<2.5,1.0,2.4
168,to,<5,2.0,2.4
168,to,<6,1.4,4.7
168,to,<7,5.5,8.7
168,to,<8,1.6,5.1
168,to,<9,0.0,4.2
168,wm,<6,1.8,6.7
168,gf,<2.5,1.8,2.1
168,gf,<5,8.2,10.2
168,gf,<7,6.3,10.4
168,gf,<8,6.8,14.6
168,df,<5,4.7,6.1
169,rw,<2.5,1.0,1.9
169,rw,<5,5.0,6.2
169,rw,<7,3.7,6.0
169,to,<2.5,0.5,2.1
169,to,<5,1.3,2.3
169,to,<8,2.7,11.9
169,gf,<2.5,1.7,2.4
169,gf,<5,4.6,5.7
169,gf,<8,9.8,16.8
169,wm,<9,4.8,9.4
169,hm,<6,3.0,6.2
170,rw,<2.5,2.0,2.3
170,rw,<5,4.1,6.7
170,rw,<6,2.7,6.6
170,rw,<7,1.1,8.0
170,to,<2.5,0.3,1.6
170,to,<5,2.5,4.8
170,to,<6,1.5,4.0
170,to,<9,1.4,6.8
170,gf,<2.5,2.0,2.4
170,gf,<5,6.8,8.4
170,gf,<6,6.5,9.6
170,gf,<7,2.2,6.9
170,gf,<8,7.0,11.5
170,gf,<9,9.5,12.9
170,gf,<10,5.8,10.8
170,hm,<2.5,0.4,1.8
170,hm,<5,2.0,4.5
170,hm,<7,1.3,6.7
170,hm,<8,5.1,9.5
170,hm,<10,3.7,12.1
170,wm,<2.5,1.4,2.2
170,wm,<5,2.4,5.0
170,df,<10,11.1,15.9
171,rw,<2.5,0.5,2.2
171,rw,<8,2.8,5.9
171,rw,<9,5.4,7.2
171,to,<2.5,0.0,1.5
171,to,<5,2.6,5.0
171,to,<10,7.2,13.5
171,df,<5,4.3,5.5
171,df,<6,5.0,9.6
171,df,<7,9.4,12.1
171,df,<8,6.7,10.7
171,df,<9,3.4,7.9
171,df,<10,7.2,15.2
171,gf,<5,4.3,5.5
171,gf,<6,5.0,9.6
171,gf,<7,9.4,12.1
171,gf,<8,6.7,10.7
171,gf,<9,3.4,7.9
171,gf,<10,7.2,15.2
171,hm,<2.5,1.4,2.1
171,hm,<8,1.5,12.0
171,wm,<2.5,1.6,2.0
171,wm,<10,2.2,8.8
530,rw,<2.5,0.0,2.5
530,rw,<5,0.5,3.7
530,to,<2.5,0.0,2.5
530,hm,<9,0.0,4.1
531,rw,<2.5,1.9,2.1
531,rw,<5,6.3,6.6
531,rw,<10,0.5,7.3
531,to,<2.5,0.3,3.2
531,to,<5,0.4,3.7
531,hm,<2.5,0.3,2.6
531,hm,<5,2.8,3.7
531,hm,<9,1.3,8.5
532,to,<2.5,1.2,3.1
532,rw,<2.5,0.4,3.0
532,rw,<5,3.4,5.4
532,rw,<7,0.4,3.8
532,df,<6,2.7,6.5
532,df,<7,6.4,8.8
532,df,<8,7.8,11.3
532,df,<9,9.9,10.8
532,df,<10,5.8,6.1
528,gf,<9,7.3,9.6
528,rw,<2.5,0.0,2.1
528,rw,<5,0.0,3.4
528,rw,<7,3.7,6.5
528,to,<2.5,0.0,1.6
528,hm,<2.5,0.9,1.8
528,hm,<5,2.1,3.9
528,hm,<6,2.8,7.6
528,hm,<8,4.4,7.6
528,hm,<9,6.8,10.6
528,wm,<2.5,0.5,1.6
529,to,<2.5,0.0,1.9
529,to,<5,0.0,2.2
529,to,<6,0.0,2.6
529,df,<8,5.1,6.4
529,hm,<2.5,1.3,2.4
529,hm,<5,0.3,3.6
529,hm,<7,1.0,4.4
529,hm,<10,2.4,8.1
529,rw,<2.5,0.0,2.1
529,rw,<5,1.7,3.5
529,rw,<6,0.0,3.9
529,ra,<8,4.0,6.3
177,rw,<2.5,1.0,3.5
177,rw,<5,4.5,6.0
177,to,<2.5,2.0,3.0
177,to,<2.5,0.0,1.5
177,to,<2.5,0.5,1.5
177,to,<5,4.0,5.5
177,to,<7,4.5,8.5
177,to,<7,4.0,7.0
177,to,<9,2.0,4.0
177,df,<6,9.5,11.0
177,df,<7,9.5,11.0
177,df,<8,10.0,16.0
177,df,<9,12.0,13.5
177,df,<10,10.0,16.0
177,gf,<2.5,2.5,3.5
177,gf,<5,3.5,4.0
177,gf,<5,4.5,6.0
177,gf,<7,10.0,11.5
177,gf,<9,10.0,15.0
177,gf,<9,12.0,13.0
177,hm,<5,5.5,6.5
177,hm,<6,6.0,8.0
177,hm,<7,7.0,11.0
177,hm,<7,4.0,9.0
177,hm,<8,8.5,10.5
177,hm,<9,6.5,9.5
177,hm,<10,11.0,13.5
178,rw,<2.5,0.5,1.9
178,rw,<2.5,0.0,1.6
178,rw,<2.5,0.2,2.2
178,rw,<5,0.0,2.0
178,rw,<5,2.5,3.0
178,rw,<6,0.3,3.2
178,rw,<7,1.2,3.9
178,rw,<8,4.0,7.6
178,to,<2.5,0.0,1.4
178,to,<2.5,1.2,2.3
178,to,<2.5,1.4,2.0
178,to,<5,0.7,8.7
178,to,<5,1.5,4.5
178,to,<5,1.0,3.0
178,to,<6,1.0,4.7
178,to,<7,2.0,5.7
178,df,<2.5,0.3,1.8
178,df,<5,3.2,5.0
178,df,<7,7.2,9.5
178,gf,<2.5,0.0,2.0
178,gf,<2.5,0.1,1.4
178,gf,<5,1.9,4.0
178,gf,<5,0.5,3.0
178,gf,<6,0.5,4.7
178,wm,<2.5,1.0,2.0
178,wm,<2.5,1.9,2.0
178,wm,<8,1.0,5.9
178,hm,<2.5,0.4,2.9
178,hm,<5,1.0,3.7
179,rw,<2.5,0.2,2.4
179,rw,<2.5,1.0,2.4
179,rw,<5,1.4,3.0
179,rw,<5,1.0,5.0
179,rw,<8,0.0,6.4
179,to,<2.5,0.4,1.7
179,to,<2.5,0.5,2.0
179,to,<2.5,0.0,1.7
179,to,<5,1.4,3.0
179,to,<5,1.0,5.0
179,to,<10,0.0,5.9
179,gf,<2.5,0.3,2.1
179,gf,<5,0.5,3.2
179,gf,<6,0.5,4.3
179,gf,<10,1.5,4.5
180,rw,<10,4.8,7.9
180,to,<2.5,0.0,2.0
180,to,<5,1.5,7.8
180,to,<8,1.7,10.0
180,to,<10,2.5,7.4
180,df,<2.5,1.4,2.0
180,df,<5,4.7,5.8
180,df,<6,2.5,6.3
180,df,<7,4.2,9.3
180,df,<8,5.6,8.9
180,df,<9,5.8,6.7
180,df,<10,4.0,11.0
180,gf,<2.5,1.0,2.5
180,gf,<5,2.6,3.1
180,gf,<8,4.4,7.5
181,to,<2.5,0.0,2.0
181,to,<5,0.5,3.3
181,df,<2.5,0.5,1.7
181,df,<5,3.6,5.4
181,df,<6,2.7,8.6
181,df,<7,5.2,9.9
181,df,<8,3.8,6.2
181,df,<9,5.6,9.3
181,gf,<2.5,1.4,2.4
181,gf,<5,4.0,1.8
181,gf,<9,2.0,6.9
181,wm,<5,1.0,2.3
181,wm,<10,2.1,5.0
181,rw,<2.5,0.0,2.5
181,rw,<5,0.0,2.1
181,rw,<6,1.8,4.8
181,rw,<7,1.0,3.9
181,rw,<9,1.9,4.2
476,to,<2.5,0.5,3.2
476,to,<5,4.3,7.8
476,hm,<2.5,1.0,2.3
476,hm,<5,1.0,3.9
476,hm,<9,5.8,""
476,gf,<2.5,1.0,1.4
476,gf,<5,2.9,5.1
476,gf,<6,4.1,7.3
476,df,<5,5.1,6.6
476,df,<7,1.6,5.1
476,df,<7,7.9,10.5
476,df,<8,4.9,10.7
476,rw,<2.5,0.2,2.4
476,rw,<7,2.3,6.3
476,rw,<9,0.5,5.5
476,wm,<2.5,1.0,1.8
476,wm,<5,2.9,4.9
477,hm,<2.5,0.5,2.3
477,hm,<5,1.7,4.4
477,hm,<6,0.6,5.8
477,hm,<7,3.2,7.4
477,hm,<8,1.7,8.4
477,hm,<9,1.6,12.8
477,hm,<10,0.0,9.6
477,rw,<2.5,0.2,2.1
477,rw,<5,1.1,2.7
477,rw,<6,4.6,8.9
477,rw,<7,0.9,2.4
477,rw,<9,0.0,6.6
477,rw,<10,1.2,9.4
477,to,<2.5,1.0,2.0
477,to,<5,0.4,2.8
477,to,<6,1.9,4.3
477,to,<7,1.0,4.7
477,to,<10,1.6,8.2
477,gf,<2.5,2.0,2.5
477,gf,<5,1.8,3.3
477,gf,<7,1.5,7.4
477,gf,<8,1.8,9.2
477,gf,<9,1.1,8.1
477,gf,<10,1.2,9.5
477,df,<2.5,0.7,2.3
477,df,<5,1.2,3.9
477,df,<6,2.0,6.8
477,df,<8,2.8,8.9
477,wm,<2.5,1.0,2.0
477,wm,<7,2.3,6.4
478,df,<10,5.9,14.2
478,rw,<2.5,0.5,1.8
478,rw,<5,1.4,4.1
478,rw,<6,2.0,4.4
478,rw,<7,0.9,3.6
478,rw,<9,3.1,6.9
478,to,<2.5,0.0,3.2
478,wm,<2.5,0.5,2.3
478,wm,<5,1.6,4.3
479,gf,<5,1.3,3.9
479,to,<2.5,1.0,1.8
479,to,<5,1.2,3.2
479,to,<6,2.5,5.4
479,to,<9,4.5,11.3
479,rw,<2.5,0.5,1.5
479,rw,<5,2.7,4.1
479,rw,<6,1.2,4.9
479,rw,<7,1.2,6.6
479,rw,<8,3.2,7.1
479,rw,<9,3.1,9.1
479,rw,<10,1.0,7.8
480,df,<2.5,0.8,1.8
480,to,<2.5,0.2,2.4
480,to,<5,0.0,3.8
480,rw,<2.5,1.0,1.5
480,rw,<5,1.2,3.1
480,rw,<6,4.5,6.8
480,rw,<9,4.3,8.0
480,hm,<2.5,0.3,2.0
480,hm,<5,0.0,3.3
480,hm,<6,1.5,5.0
480,hm,<7,4.5,6.9
480,hm,<8,6.3,7.0
480,hm,<10,5.5,11.2
480,wm,<5,0.0,2.8
