transectid,metermark,depth,pctlitter,fbd,livewoody,deadwoody,woodyheight,liveherb,deadherb,herbheight
1,5,11.0,30.0,,70.0,20.0,2.0,0.0,0.0,
1,10,7.0,20.0,,20.0,0.5,1.4,3.0,0.5,0.1
2,5,5.0,20.0,,0.5,0.0,0.1,3.0,0.0,0.2
2,10,5.0,30.0,,30.0,3.0,1.4,0.5,0.0,0.1
3,5,2.0,50.0,,5.0,0.5,1.8,0.5,0.0,0.1
3,10,6.0,30.0,,30.0,3.0,1.2,0.5,0.5,0.1
4,5,4.0,30.0,,20.0,0.0,0.8,40.0,10.0,0.5
4,10,2.0,50.0,,40.0,3.0,0.6,10.0,10.0,0.4
5,5,6.0,70.0,,30.0,0.5,1.0,10.0,0.5,0.4
5,10,6.0,40.0,,20.0,0.5,1.2,0.5,0.0,0.1
6,5,4.0,40.0,,40.0,3.0,0.8,20.0,10.0,0.6
6,10,6.0,30.0,,30.0,3.0,0.8,20.0,3.0,0.4
7,5,1.0,100.0,,40.0,3.0,1.3,20.0,10.0,0.5
7,10,3.0,90.0,,60.0,3.0,1.4,0.0,0.0,
8,5,2.0,90.0,,60.0,10.0,1.4,5.0,0.5,0.4
8,10,2.0,80.0,,10.0,0.5,1.2,0.5,0.0,0.1
9,5,2.0,90.0,,60.0,10.0,1.4,5.0,0.5,0.4
9,10,2.0,80.0,,10.0,0.5,1.2,0.5,0.0,0.1
10,5,1.0,90.0,,5.0,0.0,0.7,3.0,0.0,0.2
10,10,7.0,30.0,,5.0,0.5,1.5,0.5,0.0,0.2
11,5,8.0,10.0,,0.5,0.0,0.1,0.5,0.0,0.1
11,10,1.0,100.0,,0.0,0.0,,20.0,0.5,0.2
12,5,4.0,10.0,,3.0,0.5,0.5,30.0,0.5,0.1
12,10,6.0,30.0,,3.0,0.0,1.2,5.0,0.0,0.3
13,5,7.0,20.0,,3.0,0.0,2.0,30.0,3.0,0.3
13,10,1.0,90.0,,50.0,0.5,1.9,0.5,0.0,0.3
14,5,1.0,90.0,,0.5,0.0,0.3,30.0,3.0,0.4
14,10,4.0,30.0,,3.0,0.0,0.3,10.0,0.5,0.3
15,5,3.0,60.0,,5.0,0.0,1.4,20.0,3.0,0.3
15,10,2.0,50.0,,0.5,0.0,0.3,31.0,3.0,0.4
16,5,5.0,40.0,,20.0,0.0,0.8,20.0,3.0,0.5
16,10,1.0,100.0,,5.0,0.5,0.6,10.0,0.5,0.2
17,5,1.0,50.0,,3.0,0.0,0.8,10.0,0.0,0.3
17,10,2.0,30.0,,10.0,0.5,0.4,40.0,3.0,0.4
18,5,1.0,100.0,,20.0,0.5,1.0,0.5,0.0,0.1
18,10,7.0,70.0,,20.0,0.0,0.8,10.0,0.5,0.3
19,5,4.0,80.0,,20.0,3.0,1.3,20.0,0.5,0.4
19,10,2.0,30.0,,40.0,10.0,1.0,0.5,0.0,0.1
20,5,1.0,100.0,,5.0,0.0,0.7,0.5,0.0,0.3
20,10,1.0,100.0,,5.0,0.0,0.7,3.0,0.0,0.1
21,5,1.0,100.0,,10.0,0.0,0.7,0.5,0.5,0.1
21,10,1.0,100.0,,3.0,0.0,0.8,10.0,0.5,0.3
22,5,9.0,20.0,,0.5,0.0,0.3,30.0,10.0,0.4
22,10,6.5,30.0,,10.0,0.0,1.1,3.0,0.0,0.1
23,5,4.0,70.0,,0.5,0.0,1.5,10.0,0.0,0.1
23,10,10.0,20.0,,5.0,1.0,0.7,20.0,3.0,0.3
24,5,11.0,70.0,,0.5,0.0,0.1,30.0,10.0,0.6
24,10,4.0,90.0,,0.0,0.0,,30.0,5.0,0.4
25,5,11.0,50.0,,70.0,3.0,2.0,10.0,0.5,0.5
25,10,12.0,40.0,,30.0,0.5,1.5,10.0,3.0,0.2
26,5,10.0,30.0,,40.0,3.0,1.9,10.0,3.0,0.5
26,10,1.0,100.0,,10.0,0.0,1.7,40.0,10.0,0.6
27,5,3.0,80.0,,3.0,0.5,0.6,20.0,0.0,0.1
27,10,1.0,70.0,,5.0,0.5,1.7,20.0,3.0,0.3
28,10,9.0,35.0,,80.0,10.0,1.9,3.0,0.0,0.1
28,5,8.5,50.0,,10.0,3.0,1.0,3.0,0.0,0.1
29,10,9.0,15.0,,30.0,10.0,2.0,0.5,0.0,0.1
29,5,8.0,10.0,,40.0,3.0,1.8,3.0,0.0,0.1
30,10,1.5,50.0,,5.0,0.5,1.1,10.0,3.0,0.5
30,5,8.0,10.0,,0.0,0.0,,5.0,0.5,0.3
31,5,2.0,30.0,,20.0,0.5,0.5,3.0,0.5,0.1
31,10,4.0,20.0,,30.0,0.0,1.0,10.0,0.5,0.2
32,5,4.0,40.0,,20.0,0.5,0.8,10.0,10.0,0.4
32,10,5.0,60.0,,10.0,0.5,1.2,40.0,20.0,0.4
33,5,3.0,50.0,,10.0,0.0,1.3,3.0,3.0,0.2
33,10,8.0,50.0,,30.0,0.5,1.5,3.0,0.5,0.2
34,5,9.0,90.0,,0.5,0.0,0.6,0.0,0.0,
34,10,5.0,60.0,,3.0,0.0,0.4,0.0,0.0,
35,5,2.0,90.0,,20.0,0.0,1.5,5.0,0.0,0.1
35,10,14.0,60.0,,0.0,0.5,1.8,0.0,0.0,
36,5,3.0,30.0,,20.0,0.0,1.3,0.0,0.0,
36,10,4.0,20.0,,30.0,3.0,0.7,10.0,0.5,0.3
37,5,12.0,50.0,,10.0,3.0,1.2,0.0,0.0,
37,10,12.0,20.0,,0.0,3.0,1.4,3.0,0.0,0.1
38,5,3.0,50.0,,0.5,0.0,0.4,3.0,0.5,0.2
38,10,6.0,40.0,,3.0,0.0,0.4,20.0,3.0,0.3
39,5,2.0,60.0,,0.5,0.0,0.6,3.0,10.0,0.3
39,10,1.0,100.0,,3.0,0.0,0.7,3.0,5.0,0.3
40,5,3.0,30.0,,30.0,3.0,1.4,0.0,0.0,
40,10,5.0,20.0,,40.0,0.5,1.4,0.0,0.0,
41,5,3.0,30.0,,10.0,20.0,1.0,0.0,0.0,
41,10,4.0,20.0,,30.0,10.0,1.2,0.0,0.0,
42,5,5.0,30.0,,50.0,10.0,1.3,0.0,0.0,
42,10,5.0,20.0,,20.0,0.0,1.0,0.5,0.0,0.1
43,10,6.0,70.0,,0.5,1.0,0.1,0.5,0.0,0.1
43,5,5.0,80.0,,0.5,0.0,0.3,3.0,0.5,0.3
44,10,3.0,30.0,,10.0,0.5,0.9,3.0,0.5,0.4
44,5,4.0,80.0,,0.0,0.0,,3.0,3.0,0.3
45,10,6.0,70.0,,5.0,0.5,1.8,0.5,0.0,0.1
45,5,3.0,60.0,,0.0,0.0,,0.0,0.0,
46,5,6.0,30.0,,0.5,0.0,0.8,3.0,0.0,0.4
46,10,1.0,100.0,,0.0,0.0,,0.5,0.0,0.1
47,5,4.0,40.0,,3.0,0.0,0.9,0.0,0.0,
47,10,14.0,20.0,,0.5,3.0,1.4,0.0,0.0,
48,5,4.0,30.0,,0.5,0.0,1.2,0.5,0.0,0.2
48,10,2.0,50.0,,5.0,3.0,0.4,0.5,0.0,0.4
49,5,6.0,30.0,,10.0,0.5,1.2,0.0,0.0,
49,10,1.0,100.0,,0.0,0.0,,0.0,0.0,
50,5,1.0,100.0,,30.0,0.5,1.2,0.0,0.0,
50,10,2.0,10.0,,0.5,0.0,0.3,0.0,0.0,
51,5,4.0,80.0,,0.5,3.0,0.8,0.0,0.0,
51,10,6.0,30.0,,10.0,0.5,0.5,0.0,0.0,
52,5,8.0,30.0,,20.0,0.5,1.2,0.5,0.0,0.1
52,10,4.0,10.0,,10.0,0.5,1.1,3.0,0.0,0.2
53,5,5.0,20.0,,0.5,0.0,0.2,3.0,0.5,0.4
53,10,6.0,20.0,,0.0,5.0,1.2,0.0,0.0,
54,5,46.0,20.0,,0.5,5.0,1.2,0.0,0.0,
54,10,14.0,40.0,,0.0,3.0,1.4,0.0,0.0,
55,5,14.0,60.0,,3.0,0.0,1.1,0.5,0.5,0.6
55,10,5.0,10.0,,0.5,0.0,1.6,5.0,3.0,0.7
56,5,7.0,30.0,,0.5,3.0,1.3,0.5,0.0,0.4
56,10,4.0,10.0,,5.0,0.5,1.2,0.5,0.5,0.2
57,5,10.0,60.0,,0.0,3.0,1.2,0.5,0.5,0.2
57,10,4.0,50.0,,3.0,0.0,1.0,0.0,0.0,
58,5,1.0,100.0,,10.0,0.5,1.0,10.0,3.0,0.3
58,10,3.0,60.0,,30.0,0.5,0.8,10.0,3.0,0.3
59,5,5.0,30.0,,3.0,3.0,1.3,0.0,0.0,
59,10,9.0,20.0,,10.0,3.0,1.4,0.0,0.0,
60,5,50.0,5.0,,10.0,0.0,0.9,10.0,3.0,0.4
60,10,5.0,40.0,,20.0,0.0,1.1,10.0,3.0,0.6
61,5,1.0,100.0,,10.0,0.5,0.5,10.0,0.5,0.4
61,10,9.0,40.0,,3.0,10.0,1.9,20.0,0.5,0.1
62,5,13.0,20.0,,20.0,0.5,1.6,10.0,3.0,0.6
62,10,1.0,100.0,,40.0,10.0,1.8,10.0,3.0,0.3
63,5,7.0,10.0,,20.0,0.0,1.6,3.0,3.0,0.5
63,10,6.0,40.0,,3.0,0.0,0.4,3.0,0.5,0.5
64,5,7.0,70.0,,30.0,3.0,1.5,0.5,0.5,0.6
64,10,3.0,30.0,,10.0,3.0,1.6,3.0,0.5,0.3
65,5,7.0,30.0,,3.0,0.5,1.4,5.0,0.5,0.4
65,10,2.0,100.0,,0.0,0.0,,3.0,3.0,0.6
66,5,1.0,90.0,,5.0,0.5,1.5,5.0,0.5,0.4
66,10,1.0,10.0,,0.0,0.0,,40.0,0.5,0.2
67,5,3.0,90.0,,50.0,3.0,1.4,0.5,0.0,0.2
67,10,1.0,100.0,,40.0,3.0,1.0,0.5,0.0,0.1
68,5,6.0,20.0,,0.0,0.0,,0.5,0.5,0.3
68,10,1.0,100.0,,10.0,0.0,0.3,10.0,3.0,0.1
69,5,3.0,80.0,,30.0,0.0,0.4,10.0,0.0,0.1
69,10,1.0,100.0,,20.0,10.0,1.2,3.0,0.5,0.1
70,5,7.0,40.0,,3.0,0.5,1.0,10.0,0.0,0.1
70,10,2.0,70.0,,0.5,0.5,1.8,10.0,0.0,0.2
71,5,4.0,70.0,,0.5,0.0,1.2,40.0,40.0,0.5
71,10,10.0,80.0,,20.0,0.0,0.4,30.0,50.0,0.7
72,5,9.0,30.0,,3.0,0.0,0.3,0.5,0.0,0.1
72,10,3.0,60.0,,0.5,0.0,0.4,0.5,0.0,0.1
73,5,3.0,10.0,,10.0,0.5,0.8,0.5,0.0,0.1
73,10,3.0,50.0,,10.0,0.5,0.5,3.0,0.0,0.1
74,5,2.0,40.0,,0.5,0.0,0.2,20.0,0.0,0.1
74,10,4.0,70.0,,10.0,0.5,0.5,3.0,0.0,0.1
75,5,1.0,80.0,,50.0,0.5,0.8,0.0,0.0,
75,10,3.0,60.0,,30.0,0.5,1.1,10.0,0.0,0.2
76,5,1.0,90.0,,20.0,3.0,0.9,0.5,0.0,0.1
76,10,1.0,100.0,,40.0,0.5,0.7,0.0,0.0,
77,5,6.0,20.0,,3.0,10.0,1.3,3.0,0.0,0.5
77,10,7.0,20.0,,10.0,0.5,1.1,0.5,0.0,0.2
78,5,5.0,30.0,,0.0,0.0,,0.5,0.0,0.1
78,10,7.0,80.0,,0.5,0.0,0.4,0.5,0.0,0.1
79,5,1.0,90.0,,0.0,0.0,,0.5,0.0,0.2
79,10,2.0,70.0,,0.5,0.0,0.7,0.5,0.0,0.1
80,5,8.0,20.0,,10.0,0.0,0.9,0.0,0.0,
80,10,5.0,60.0,,50.0,3.0,1.2,0.5,0.0,0.1
81,5,11.0,30.0,,0.5,0.0,0.2,3.0,0.5,0.3
81,10,9.0,10.0,,20.0,0.0,1.0,3.0,0.0,0.2
82,5,10.0,20.0,,0.5,0.5,1.2,0.5,0.0,0.1
82,10,5.0,60.0,,0.5,3.0,1.5,0.5,0.0,0.1
83,5,6.0,30.0,,3.0,0.5,1.4,0.5,0.0,0.1
83,10,2.0,90.0,,0.0,0.0,1.0,3.0,0.0,0.2
84,5,4.0,80.0,,0.5,3.0,1.1,0.0,0.0,
84,10,1.0,90.0,,0.5,0.0,1.0,3.0,0.5,0.8
85,5,9.0,61.0,,3.0,0.0,0.8,0.0,0.0,
85,10,6.0,50.0,,20.0,0.5,1.1,0.0,0.0,
86,5,7.0,60.0,,10.0,0.5,0.8,0.0,0.0,
86,10,7.0,60.0,,0.5,0.0,0.4,0.0,0.0,
87,5,2.0,50.0,,3.0,0.5,1.0,0.0,0.0,
87,10,8.0,40.0,,5.0,0.0,1.3,0.0,0.0,
88,5,6.0,30.0,,0.0,3.0,1.0,3.0,0.5,0.7
88,10,2.0,50.0,,0.5,5.0,1.6,0.5,0.5,0.5
89,5,3.0,90.0,,0.5,0.5,0.4,0.5,0.0,0.2
89,10,6.0,80.0,,5.0,0.0,1.2,0.0,0.0,
90,5,4.0,10.0,,10.0,0.5,1.3,0.5,0.5,0.2
90,10,10.0,30.0,,30.0,0.5,1.3,0.0,0.0,
91,5,3.0,70.0,,0.5,0.0,1.4,0.5,0.5,0.4
91,10,0.0,,,0.5,3.0,0.7,0.0,0.0,
92,5,9.0,40.0,,0.5,0.0,1.1,0.5,0.5,0.3
92,10,1.0,100.0,,0.0,0.0,,10.0,0.5,0.4
93,5,1.0,100.0,,0.5,0.5,1.0,0.0,0.0,
93,10,12.0,20.0,,0.5,0.5,1.2,0.0,0.0,
94,5,2.0,100.0,,0.5,0.0,1.0,0.5,0.0,0.2
94,10,8.0,90.0,,3.0,0.5,1.2,0.5,0.0,0.5
95,5,2.0,90.0,,5.0,0.5,1.0,0.0,0.0,
95,10,9.0,70.0,,0.5,3.0,0.8,0.0,0.0,
96,5,5.0,80.0,,3.0,0.0,1.0,10.0,0.0,0.1
96,10,1.0,100.0,,0.0,0.0,,20.0,0.5,0.3
97,5,11.0,60.0,16.0,0.5,0.0,0.1,1.0,0.5,0.2
97,10,6.0,30.0,8.0,0.5,0.0,0.2,0.0,0.0,
98,5,8.0,90.0,25.0,1.0,0.0,0.1,3.0,0.0,0.1
98,10,3.0,80.0,130.0,80.0,3.0,0.9,10.0,0.5,0.2
99,5,28.0,85.0,35.0,3.0,0.0,1.2,20.0,3.0,0.5
99,10,12.0,50.0,8.0,30.0,10.0,1.5,1.0,0.0,1.0
100,5,14.0,30.0,30.0,3.0,10.0,1.5,1.0,0.0,0.1
100,10,9.0,20.0,20.0,20.0,1.0,0.5,1.0,0.0,0.1
101,5,14.0,50.0,40.0,10.0,0.5,1.0,0.5,0.0,0.1
101,10,15.0,30.0,15.0,20.0,1.0,1.2,0.0,0.0,
102,5,10.0,10.0,20.0,0.0,20.0,1.0,3.0,0.5,0.2
102,10,12.0,25.0,35.0,20.0,40.0,1.5,30.0,10.0,0.2
103,5,6.0,30.0,8.0,10.0,1.0,1.5,20.0,20.0,0.5
103,10,8.0,40.0,20.0,30.0,3.0,1.4,20.0,50.0,0.7
104,5,8.0,50.0,35.0,0.0,1.0,1.0,20.0,30.0,0.2
104,10,12.0,30.0,15.0,1.0,0.0,0.7,10.0,40.0,0.5
105,5,5.0,40.0,20.0,10.0,0.5,1.0,0.0,0.0,
105,10,7.0,50.0,20.0,1.0,0.5,0.5,0.5,20.0,0.6
106,5,13.0,70.0,20.0,3.0,0.0,0.2,20.0,3.0,0.3
106,10,10.0,90.0,35.0,3.0,0.0,0.5,30.0,10.0,0.3
107,5,19.0,40.0,15.0,40.0,10.0,1.5,10.0,3.0,0.3
107,10,16.0,70.0,18.0,20.0,0.5,1.2,3.0,3.0,0.4
108,5,10.0,80.0,25.0,30.0,10.0,1.0,10.0,0.5,0.3
108,10,7.0,50.0,25.0,0.5,0.5,0.6,80.0,40.0,0.5
109,5,9.0,10.0,12.0,20.0,0.5,0.9,0.0,0.0,
109,10,5.0,10.0,8.0,30.0,0.5,1.3,0.0,0.0,
110,5,9.0,70.0,15.0,0.0,0.0,,0.0,0.0,
110,10,8.0,60.0,13.0,0.5,0.5,0.5,0.0,0.0,
111,5,4.0,90.0,26.0,30.0,0.0,0.4,0.0,0.0,
111,10,3.0,90.0,17.0,3.0,0.0,0.2,0.5,0.0,0.1
112,5,3.0,90.0,20.0,10.0,0.5,0.8,40.0,1.0,0.2
112,10,16.0,80.0,12.0,3.0,0.5,0.6,60.0,10.0,0.5
113,5,50.0,30.0,20.0,30.0,10.0,1.2,3.0,0.5,0.3
113,10,13.0,90.0,15.0,0.5,0.5,0.8,1.0,0.5,0.5
114,5,8.0,50.0,12.0,30.0,1.0,1.3,1.0,0.5,0.1
114,10,13.0,80.0,19.0,20.0,0.5,1.6,0.0,0.0,
115,5,1.0,50.0,10.0,3.0,3.0,1.3,0.5,0.0,0.1
115,10,4.0,70.0,10.0,0.5,20.0,2.0,0.5,0.0,0.1
116,5,2.0,90.0,110.0,30.0,10.0,2.0,0.5,0.0,0.1
116,10,1.0,100.0,40.0,10.0,0.0,0.8,0.5,0.0,0.2
117,5,5.0,20.0,10.0,30.0,10.0,2.0,0.0,0.0,
117,10,1.0,100.0,5.0,30.0,3.0,1.7,0.5,0.0,0.1
118,5,7.0,20.0,,10.0,3.0,0.9,3.0,0.0,0.1
118,10,21.0,10.0,,20.0,3.0,1.0,0.0,0.0,
119,5,7.0,20.0,,3.0,0.0,0.3,10.0,3.0,0.6
119,10,1.0,100.0,,0.5,0.0,0.5,10.0,0.5,0.2
120,5,1.0,90.0,,3.0,0.5,1.2,10.0,3.0,0.6
120,10,12.0,30.0,,40.0,3.0,2.0,0.5,0.0,0.1
121,5,8.0,30.0,30.0,10.0,0.5,1.7,0.5,0.0,0.1
121,10,2.0,90.0,5.0,40.0,10.0,2.0,0.0,0.0,
122,5,5.0,70.0,50.0,20.0,3.0,1.6,0.0,0.0,
122,10,7.0,40.0,30.0,3.0,0.5,1.2,0.5,0.0,0.2
123,5,5.0,60.0,20.0,30.0,3.0,2.0,0.5,0.0,0.2
123,10,2.0,50.0,30.0,20.0,3.0,1.6,0.5,0.0,0.1
124,5,10.0,10.0,50.0,10.0,3.0,1.7,0.5,0.0,0.2
124,10,9.0,20.0,110.0,20.0,0.0,1.0,3.0,0.5,0.6
125,5,6.0,20.0,90.0,3.0,0.5,1.0,3.0,0.5,0.5
125,10,3.0,40.0,20.0,3.0,0.5,0.6,3.0,0.0,0.1
126,5,9.0,30.0,20.0,20.0,0.5,1.3,0.0,0.0,
126,10,9.0,20.0,50.0,10.0,0.0,1.9,0.0,0.0,
127,5,5.0,40.0,,3.0,0.5,0.7,0.0,0.0,
127,10,8.0,10.0,,0.0,0.0,,3.0,0.5,0.2
128,5,3.0,100.0,,3.0,10.0,2.0,0.0,0.0,
128,10,3.0,80.0,,3.0,10.0,2.0,0.5,0.5,0.2
129,5,3.0,90.0,,3.0,0.0,0.6,3.0,0.5,0.3
129,10,9.0,80.0,,3.0,0.5,0.5,0.5,0.0,0.1
130,5,10.0,30.0,5.0,3.0,0.0,0.4,10.0,3.0,0.5
130,10,8.0,80.0,5.0,10.0,3.0,1.3,3.0,0.5,0.5
131,5,8.0,20.0,20.0,3.0,0.0,0.7,10.0,3.0,0.5
131,10,7.0,50.0,20.0,0.5,0.0,0.1,3.0,0.5,0.2
132,5,6.0,10.0,30.0,3.0,0.0,0.4,10.0,3.0,0.5
132,10,1.0,90.0,40.0,3.0,0.0,0.3,10.0,3.0,0.5
133,5,10.0,20.0,40.0,10.0,3.0,1.1,3.0,0.5,0.4
133,10,8.0,40.0,10.0,3.0,3.0,1.3,3.0,0.5,0.4
134,5,3.0,30.0,5.0,20.0,0.0,0.5,10.0,0.5,0.5
134,10,2.0,40.0,5.0,0.5,0.0,0.1,0.5,0.0,0.1
135,5,3.0,50.0,10.0,20.0,0.0,1.0,0.5,0.0,0.2
135,10,11.0,20.0,20.0,30.0,0.5,1.4,0.0,0.0,
136,5,9.0,20.0,5.0,10.0,0.5,1.2,3.0,0.5,0.4
136,10,8.0,40.0,5.0,3.0,0.0,0.2,3.0,0.5,0.2
137,5,1.0,100.0,5.0,0.5,0.0,0.2,10.0,3.0,0.4
137,10,2.0,90.0,5.0,0.5,0.5,0.7,3.0,0.0,0.2
138,5,11.0,30.0,100.0,10.0,10.0,2.0,3.0,0.5,0.4
138,10,1.0,90.0,10.0,3.0,0.0,0.7,3.0,0.5,0.4
139,10,2.0,100.0,10.0,0.0,0.0,,10.0,3.0,0.4
139,5,1.0,100.0,30.0,10.0,0.0,1.0,3.0,0.5,0.5
140,10,4.0,70.0,20.0,20.0,0.0,1.5,3.0,0.5,0.6
140,5,4.0,80.0,20.0,40.0,0.5,2.0,0.0,0.0,
141,10,3.0,70.0,0.4,0.5,0.0,0.2,3.0,0.5,0.4
141,5,2.0,80.0,0.2,20.0,3.0,1.3,3.0,0.5,0.3
142,5,6.0,50.0,5.0,10.0,0.5,1.9,40.0,10.0,0.6
142,10,1.0,100.0,30.0,10.0,10.0,1.9,20.0,3.0,0.5
143,5,9.0,40.0,20.0,0.5,10.0,2.0,0.0,0.0,
143,10,2.0,90.0,10.0,20.0,0.0,1.4,3.0,0.0,0.2
144,5,8.0,80.0,5.0,3.0,3.0,0.9,0.5,0.0,0.1
144,10,4.0,20.0,20.0,3.0,0.5,0.5,0.5,3.0,0.3
145,5,24.0,50.0,,30.0,3.0,2.0,0.0,0.0,
145,10,3.0,40.0,,3.0,0.0,0.3,0.5,0.0,0.1
146,5,12.0,30.0,,3.0,0.5,1.2,0.5,0.0,0.1
146,10,5.0,70.0,,30.0,3.0,1.4,0.5,0.0,0.2
147,5,2.0,90.0,,10.0,0.0,0.5,3.0,0.0,0.1
147,10,2.0,90.0,,10.0,3.0,1.6,10.0,0.5,0.1
148,5,12.0,70.0,,10.0,3.0,1.7,0.5,0.0,0.1
148,10,3.0,80.0,,10.0,0.5,1.1,3.0,0.0,0.3
149,5,8.0,90.0,,30.0,3.0,2.0,3.0,0.0,0.2
149,10,7.0,30.0,,3.0,0.5,1.1,3.0,0.0,0.1
150,5,1.0,70.0,,3.0,0.5,1.7,10.0,3.0,0.6
150,10,2.0,90.0,,0.0,0.5,1.8,3.0,0.5,0.5
151,5,4.0,70.0,,10.0,0.5,1.9,20.0,0.5,0.6
151,10,8.0,50.0,,10.0,0.5,1.3,0.5,0.0,0.1
152,5,2.0,100.0,,20.0,0.0,0.5,3.0,0.0,0.3
152,10,3.0,80.0,,10.0,0.0,0.9,0.5,0.0,0.1
153,5,1.0,80.0,,0.5,0.0,0.2,10.0,0.5,0.4
153,10,13.0,20.0,,20.0,0.5,1.0,3.0,0.5,0.7
154,5,2.0,90.0,,10.0,0.5,1.2,3.0,0.0,1.4
154,10,4.0,80.0,,3.0,0.0,0.4,3.0,0.5,0.5
155,5,1.0,100.0,,0.5,0.0,0.7,10.0,3.0,0.9
155,10,1.0,90.0,,0.5,0.5,1.2,0.5,0.0,0.2
156,5,1.0,100.0,,0.5,0.0,0.2,20.0,0.5,0.2
156,10,2.0,90.0,,0.5,0.0,0.1,20.0,3.0,0.4
157,5,9.0,70.0,,30.0,0.5,1.7,0.0,0.0,
157,10,1.0,100.0,,3.0,0.0,0.9,3.0,0.0,0.4
158,5,9.0,50.0,,0.5,0.5,0.5,0.5,0.0,0.1
158,10,6.0,20.0,,0.5,3.0,1.9,0.5,0.0,0.1
159,5,11.0,10.0,,3.0,0.0,0.3,0.5,0.0,0.2
159,10,1.0,70.0,,0.5,0.0,0.1,3.0,0.5,0.1
160,5,9.0,40.0,17.0,0.5,0.0,0.1,1.0,0.0,0.1
160,10,7.0,100.0,10.0,0.5,0.0,0.1,0.5,0.0,0.2
161,5,4.0,20.0,2.0,0.0,0.0,,0.5,0.5,0.2
161,10,8.0,60.0,12.0,0.5,0.0,0.5,3.0,0.5,0.2
162,5,7.0,55.0,9.0,10.0,0.5,0.3,0.5,0.5,0.1
162,10,10.0,70.0,11.0,3.0,0.5,0.2,0.0,0.0,
163,5,12.0,80.0,27.0,3.0,25.0,0.1,0.5,0.5,0.2
163,10,19.0,75.0,23.0,0.5,0.5,0.2,0.5,0.0,0.1
164,5,2.0,100.0,40.0,30.0,0.5,0.6,10.0,0.0,0.1
164,10,6.0,50.0,45.0,0.5,0.5,2.0,3.0,3.0,0.4
165,5,11.0,60.0,20.0,0.5,0.0,0.2,0.5,0.0,0.1
165,10,3.0,20.0,10.0,0.5,0.0,0.5,10.0,0.5,0.5
166,5,1.0,100.0,5.0,0.5,0.0,0.2,30.0,1.0,0.1
166,10,2.0,100.0,3.0,0.5,0.0,0.2,10.0,0.5,0.1
167,5,3.0,10.0,4.0,3.0,0.5,0.2,40.0,30.0,0.3
167,10,5.0,30.0,8.0,0.5,0.5,0.2,0.5,0.5,0.3
168,5,6.0,30.0,20.0,10.0,0.0,0.3,0.5,0.0,0.5
168,10,2.0,20.0,10.0,3.0,0.0,0.5,0.5,1.0,0.2
169,5,8.0,100.0,15.0,40.0,3.0,2.0,3.0,1.0,0.3
169,10,5.0,100.0,12.0,1.0,0.0,0.1,3.0,0.5,0.1
170,5,8.0,70.0,11.0,0.5,0.5,0.1,1.0,0.5,0.1
170,10,9.0,60.0,10.0,10.0,1.0,0.2,20.0,10.0,0.3
171,5,5.0,30.0,10.0,0.0,0.0,,0.5,0.5,0.2
171,10,3.0,20.0,5.0,0.0,0.0,,0.5,0.0,0.2
172,5,3.0,100.0,7.0,40.0,0.5,0.9,0.5,0.0,0.1
172,10,12.0,100.0,20.0,1.0,0.0,0.1,3.0,10.0,0.6
173,5,2.0,100.0,3.0,20.0,0.5,1.0,10.0,0.5,0.1
173,10,8.0,80.0,9.0,40.0,3.0,1.8,3.0,0.5,0.3
174,5,1.0,90.0,2.0,50.0,10.0,0.5,0.0,0.0,
174,10,8.0,60.0,10.0,3.0,0.5,0.2,0.5,0.5,0.3
175,5,9.0,70.0,18.0,0.0,0.0,,0.5,0.5,0.3
175,10,7.0,50.0,11.0,0.0,0.0,,0.5,10.0,0.1
176,5,23.0,40.0,30.0,30.0,10.0,1.0,10.0,0.0,0.2
176,10,18.0,50.0,20.0,3.0,10.0,1.5,0.0,0.0,
177,5,30.0,75.0,50.0,0.0,0.0,,10.0,0.0,0.2
177,10,6.0,50.0,14.0,0.0,0.0,,1.0,0.0,0.1
178,5,3.0,33.0,20.0,0.0,0.0,,30.0,30.0,0.2
178,10,6.0,50.0,15.0,0.0,0.0,,40.0,20.0,0.4
179,5,5.0,100.0,20.0,0.5,0.0,0.1,1.0,0.5,0.3
179,10,3.0,100.0,35.0,3.0,0.5,0.7,30.0,1.0,0.2
180,5,8.0,70.0,20.0,30.0,30.0,1.3,0.0,0.0,
180,10,8.0,90.0,10.0,0.5,0.5,0.1,0.0,0.0,
181,5,6.0,40.0,9.0,20.0,3.0,0.6,3.0,0.5,0.3
181,10,9.0,70.0,14.0,10.0,0.5,1.2,0.5,0.5,0.4
182,5,9.0,70.0,11.0,30.0,0.5,1.2,3.0,1.0,0.3
182,10,8.0,60.0,10.0,40.0,3.0,0.8,0.5,0.5,0.1
183,5,7.0,25.0,25.0,1.0,3.0,0.5,3.0,1.0,0.1
183,10,5.0,20.0,35.0,10.0,10.0,0.5,10.0,3.0,0.3
184,5,1.0,100.0,9.0,0.0,0.0,,0.5,0.0,0.2
184,10,5.0,30.0,11.0,10.0,0.5,0.6,0.5,0.0,0.3
185,5,7.0,50.0,9.0,1.0,0.0,0.7,0.5,0.5,0.1
185,10,8.0,60.0,8.0,0.5,0.0,0.4,0.5,0.0,0.1
186,5,6.0,75.0,15.0,1.0,0.0,0.3,10.0,0.0,0.1
186,10,15.0,50.0,30.0,30.0,10.0,1.0,1.0,0.0,0.1
187,5,3.0,100.0,8.0,0.5,0.0,0.2,3.0,0.5,0.2
187,10,5.0,100.0,25.0,10.0,1.0,0.8,0.0,0.5,0.2
188,5,7.0,90.0,9.0,1.0,0.5,0.7,0.0,0.0,
188,10,6.0,100.0,8.0,0.5,0.5,0.1,0.5,0.5,0.2
189,5,3.0,100.0,11.0,0.5,0.0,0.1,0.5,0.5,0.1
189,10,1.0,100.0,6.0,0.5,0.5,0.2,0.5,0.5,0.1
